description,test_accuracy,test_f1_score,test_precision,test_recall,fit_time,score_time,train_f1_weighted,train_recall_weighted,train_precision_weighted,train_accuracy,iteration
KNeighborsClassifier,0.839005767200065,0.8387100170358562,0.8410891577908635,0.839005767200065,0.02063326835632324,1.288074827194214,0.8338180708219458,0.8341166231505659,0.8367151532525252,0.8341166231505659,20
DecisionTreeClassifier,0.7777597270733491,0.7777550197509931,0.7777595501253612,0.7777597270733491,5.8198535442352295,0.013490819931030273,0.7740809150090471,0.7740992167101828,0.7741791292565847,0.7740992167101828,20
BaggingClassifier,0.826740313540736,0.8267213266169656,0.8270289959711384,0.826740313540736,37.15309114456177,0.03039546012878418,0.8276579504075101,0.8276762402088773,0.8277812271304302,0.8276762402088773,20
RandomForestClassifier,0.8636991308585817,0.8634674685541115,0.8657685288439015,0.8636991308585817,28.28626594543457,0.12456083297729492,0.8575638295562408,0.8577545691906006,0.8598387455954801,0.8577545691906006,20
ExtraTreesClassifier,0.8641052717082284,0.8638292742014255,0.8666228978164926,0.8641052717082284,4.574347496032715,0.160845947265625,0.858358298278954,0.8586248912097476,0.8615470565547658,0.8586248912097476,20
AdaBoostClassifier,0.7770286735439851,0.7767616063301793,0.7780518387922577,0.7770286735439851,18.641056728363036,0.05836787223815918,0.7766905917873907,0.7768842471714535,0.7779791827189605,0.7768842471714535,20
GradientBoostingClassifier,0.810088538705223,0.8097316419063435,0.8120207599020327,0.810088538705223,95.37698402404786,0.02233743667602539,0.8128708734306901,0.8131940818102699,0.815561344541711,0.8131940818102699,20
