description,test_accuracy,test_f1_score,test_precision,test_recall,fit_time,score_time,train_f1_weighted,train_recall_weighted,train_precision_weighted,train_accuracy,iteration
KNeighborsClassifier,0.8366501502721144,0.8363998131781842,0.8393505491473439,0.8366501502721144,0.016396141052246092,1.2905828952789307,0.8357542099822549,0.8361357702349869,0.8389807455726137,0.8361357702349869,7
DecisionTreeClassifier,0.7810088538705223,0.7810128274440703,0.7810425664075317,0.7810088538705223,5.654574251174926,0.013486194610595702,0.7779836466052437,0.7779982593559618,0.7780377153159612,0.7779982593559618,7
BaggingClassifier,0.8337259361546584,0.8337088133429974,0.8337675105691166,0.8337259361546584,36.4104549407959,0.030288219451904297,0.8282256251515946,0.8282332463011315,0.828339274584763,0.8282332463011315,7
RandomForestClassifier,0.8608561449110551,0.8606265493358768,0.8639170943765795,0.8608561449110551,28.235733222961425,0.12185430526733398,0.8576767468435096,0.85792863359443,0.8602218314446064,0.85792863359443,7
ExtraTreesClassifier,0.8626431646495004,0.8623745577095505,0.8662194038213022,0.8626431646495004,4.579003477096558,0.15317158699035643,0.8592484156254695,0.8595996518711925,0.8629193114776337,0.8595996518711925,7
AdaBoostClassifier,0.7781658679229957,0.7779034159638545,0.7800063451979994,0.7781658679229957,18.616174507141114,0.05629429817199707,0.7783358265619938,0.7786945169712794,0.7802977226274329,0.7786945169712794,7
GradientBoostingClassifier,0.8153683697506295,0.8150686079672174,0.8180538792517921,0.8153683697506295,95.27703084945679,0.022118806838989258,0.813826960276157,0.8142732811140121,0.8170252937764433,0.8142732811140121,7
