description,test_accuracy,test_f1_score,test_precision,test_recall,fit_time,score_time,train_f1_weighted,train_recall_weighted,train_precision_weighted,train_accuracy,iteration
KNeighborsClassifier,0.8394119080497117,0.8391729627241235,0.84320284289084,0.8394119080497117,0.024693012237548828,1.294173526763916,0.8313589885847101,0.8317493472584857,0.8341840299642351,0.8317493472584857,12
DecisionTreeClassifier,0.7761351636747624,0.7761507597995193,0.7761940504101067,0.7761351636747624,5.739278316497803,0.013463163375854492,0.7762420084145911,0.7762576153176676,0.7763015940362594,0.7762576153176676,12
BaggingClassifier,0.834619446023881,0.8345766300421785,0.834662414783533,0.834619446023881,36.77575449943542,0.03052492141723633,0.8284009246323653,0.828407310704961,0.8285721506768627,0.828407310704961,12
RandomForestClassifier,0.8610186012509138,0.8609314929028117,0.8632656990486195,0.8610186012509138,28.230752325057985,0.12118310928344726,0.8567407248548132,0.857023498694517,0.8592262732495787,0.857023498694517,12
ExtraTreesClassifier,0.8626431646495004,0.8625073332613908,0.8656430220599243,0.8626431646495004,4.692491292953491,0.1448427200317383,0.8594990236487379,0.8598433420365534,0.8626777143306393,0.8598433420365534,12
AdaBoostClassifier,0.7717488424985786,0.771596614295506,0.7737001705844744,0.7717488424985786,18.623602390289307,0.05911741256713867,0.7773046022642864,0.777650130548303,0.7789079645003987,0.777650130548303,12
GradientBoostingClassifier,0.8125253838031029,0.812307507563266,0.8155401006324464,0.8125253838031029,94.97613496780396,0.02183847427368164,0.8138772145549711,0.814342906875544,0.816853423917497,0.814342906875544,12
