description,test_accuracy,test_f1_score,test_precision,test_recall,fit_time,score_time,train_f1_weighted,train_recall_weighted,train_precision_weighted,train_accuracy,iteration
KNeighborsClassifier,0.8441231419056129,0.8437783392941378,0.8470165585065954,0.8441231419056129,0.021822738647460937,1.2970993518829346,0.8338595583843024,0.8341862489120974,0.836902387559741,0.8341862489120974,30
DecisionTreeClassifier,0.7809276257005929,0.7809017369668902,0.7810267806889885,0.7809276257005929,5.871837568283081,0.013539361953735351,0.7725982180787981,0.7726022628372499,0.7726223997937549,0.7726022628372499,30
BaggingClassifier,0.8340508488343757,0.8340481443189447,0.8340919437618799,0.8340508488343757,36.693876552581784,0.030410099029541015,0.8271254303669349,0.8271540469973889,0.8273595260176144,0.8271540469973889,30
RandomForestClassifier,0.8602875477215498,0.8599901739207069,0.8632031339128091,0.8602875477215498,27.97332134246826,0.12157716751098632,0.856750566338685,0.8569538729329853,0.8590662648890077,0.8569538729329853,30
ExtraTreesClassifier,0.8629680773292178,0.8626237022217416,0.8664568156517813,0.8629680773292178,4.727355241775513,0.16289811134338378,0.8583325927523127,0.8586248912097476,0.8616711691928772,0.8586248912097476,30
AdaBoostClassifier,0.7817399073998863,0.7814289883572862,0.783225724628957,0.7817399073998863,18.48898000717163,0.05546870231628418,0.7808136002518404,0.7810269799825935,0.7821697518214732,0.7810269799825935,30
GradientBoostingClassifier,0.8114694175940216,0.811028928239061,0.8142310095925125,0.8114694175940216,94.33077230453492,0.021906709671020506,0.8126467463717237,0.8129852045256744,0.8153338160220525,0.8129852045256744,30
