description,test_accuracy,test_f1_score,test_precision,test_recall,fit_time,score_time,train_f1_weighted,train_recall_weighted,train_precision_weighted,train_accuracy,iteration
KNeighborsClassifier,0.838031029160913,0.8376550457102976,0.8410807406222209,0.838031029160913,0.017622900009155274,1.3035654067993163,0.8344447916667672,0.8347780678851174,0.8375390240770425,0.8347780678851174,24
DecisionTreeClassifier,0.777516042563561,0.7775043892172242,0.7775600633403689,0.777516042563561,5.546821784973145,0.01366872787475586,0.7780502668368474,0.7780678851174935,0.7781637155700294,0.7780678851174935,24
BaggingClassifier,0.837056291121761,0.8370555557480996,0.8370691360182211,0.837056291121761,36.198094034194945,0.03075885772705078,0.8291941279256362,0.8292080069625761,0.8293063246436543,0.8292080069625761,24
RandomForestClassifier,0.8592315815124685,0.8589647869881556,0.8618680027680687,0.8592315815124685,28.223268699645995,0.12543730735778807,0.8555405294885668,0.8557702349869452,0.8580909331081644,0.8557702349869452,24
ExtraTreesClassifier,0.8645926407278044,0.8642555774873728,0.8681314370122365,0.8645926407278044,4.61464204788208,0.16969676017761232,0.8589744421960466,0.8592515230635336,0.8621478211558575,0.8592515230635336,24
AdaBoostClassifier,0.7779221834132077,0.7776083989591928,0.7794198689450145,0.7779221834132077,18.60354790687561,0.05728650093078613,0.7816838734050897,0.7818973020017406,0.7830346130863084,0.7818973020017406,24
GradientBoostingClassifier,0.8104134513849403,0.8099306615586374,0.813487088892676,0.8104134513849403,95.02660131454468,0.02201423645019531,0.8141548032542341,0.8145169712793734,0.817031340332502,0.8145169712793734,24
