description,test_accuracy,test_f1_score,test_precision,test_recall,fit_time,score_time,train_f1_weighted,train_recall_weighted,train_precision_weighted,train_accuracy,iteration
KNeighborsClassifier,0.8415238404678742,0.8411682544742545,0.8445902675539427,0.8415238404678742,0.022545814514160156,1.2937093734741212,0.834646625970267,0.8350217580504786,0.8380891152955863,0.8350217580504786,28
DecisionTreeClassifier,0.7745918284461051,0.7745801826825965,0.7746459161648263,0.7745918284461051,5.742839384078979,0.01349501609802246,0.77293685664676,0.7729503916449086,0.7730155447544041,0.7729503916449086,28
BaggingClassifier,0.8316140037364959,0.8316006838824288,0.8317226111543374,0.8316140037364959,36.273007249832155,0.03001861572265625,0.8291729222176896,0.8292080069625761,0.8294735203151495,0.8292080069625761,28
RandomForestClassifier,0.864267728048087,0.8640430175136675,0.8666748003968995,0.864267728048087,28.004383707046507,0.12153229713439942,0.8574758385338699,0.8576501305483027,0.8594143210695625,0.8576501305483027,28
ExtraTreesClassifier,0.8658922914466737,0.8656236008274988,0.8688233443053602,0.8658922914466737,4.847256278991699,0.17088103294372559,0.8609382407273725,0.8612010443864229,0.8639609662348,0.8612010443864229,28
AdaBoostClassifier,0.778003411583137,0.7778171006142092,0.7789280490693891,0.778003411583137,18.4647575378418,0.05526237487792969,0.7799972361277372,0.7801914708442125,0.7811767552084287,0.7801914708442125,28
GradientBoostingClassifier,0.8141499472016895,0.8137735107897707,0.8166927666052005,0.8141499472016895,94.685378408432,0.02191133499145508,0.8135202964208708,0.8138555265448216,0.8161300060823817,0.8138555265448216,28
