description,test_accuracy,test_f1_score,test_precision,test_recall,fit_time,score_time,train_f1_weighted,train_recall_weighted,train_precision_weighted,train_accuracy,iteration
KNeighborsClassifier,0.8384371700105596,0.8380784698163802,0.8423016810371597,0.8384371700105596,0.01668829917907715,1.2935240268707275,0.8357197582246856,0.8361357702349869,0.8392352568346586,0.8361357702349869,8
DecisionTreeClassifier,0.7779221834132077,0.7779255535547662,0.778015813510036,0.7779221834132077,5.55440125465393,0.013574028015136718,0.7752671672138046,0.7752828546562227,0.7753568854790794,0.7752828546562227,8
BaggingClassifier,0.8316140037364959,0.8316175391089609,0.8316413653334397,0.8316140037364959,36.51175804138184,0.030611753463745117,0.8282243754372208,0.8282332463011315,0.8283424761799882,0.8282332463011315,8
RandomForestClassifier,0.8567947364145886,0.8565215164630691,0.8603331239333055,0.8567947364145886,28.156685733795165,0.12288999557495117,0.8582539189842574,0.858485639686684,0.8605874556970754,0.858485639686684,8
ExtraTreesClassifier,0.8598814068719032,0.8595255725975177,0.8644805742727304,0.8598814068719032,4.440855836868286,0.1448338508605957,0.8592578760337608,0.8595648389904265,0.862441380917151,0.8595648389904265,8
AdaBoostClassifier,0.7783283242628544,0.7780842584502238,0.7801271689375084,0.7783283242628544,18.59723515510559,0.056406688690185544,0.7807144810270776,0.7809921671018276,0.7821984624443925,0.7809921671018276,8
GradientBoostingClassifier,0.8089513443262123,0.8084925997373711,0.8127792472268985,0.8089513443262123,95.27369766235351,0.022284173965454103,0.8130474351489688,0.8134725848563968,0.8160301317370621,0.8134725848563968,8
