description,test_accuracy,test_f1_score,test_precision,test_recall,fit_time,score_time,train_f1_weighted,train_recall_weighted,train_precision_weighted,train_accuracy,iteration
KNeighborsClassifier,0.8371375192916903,0.8367720913484779,0.8401644140451303,0.8371375192916903,0.01740260124206543,1.2960719108581542,0.8347253205917227,0.8350913838120105,0.8380862084230275,0.8350913838120105,25
DecisionTreeClassifier,0.7820648200796037,0.7820588409544239,0.7820938260400184,0.7820648200796037,5.590034866333008,0.013624048233032227,0.7706393822815472,0.7706527415143605,0.7707176532124781,0.7706527415143605,25
BaggingClassifier,0.8373812038014784,0.8373812038014784,0.8373812038014784,0.8373812038014784,35.0993417263031,0.03052687644958496,0.8280341696011494,0.828059181897302,0.8282465362740877,0.828059181897302,25
RandomForestClassifier,0.8641052717082284,0.8638838798111336,0.8664725753504917,0.8641052717082284,27.93808169364929,0.12289490699768066,0.8572311350143277,0.8574760661444735,0.8599726720521927,0.8574760661444735,25
ExtraTreesClassifier,0.8643489562180164,0.8640456313166931,0.867609737229786,0.8643489562180164,4.902706718444824,0.17657723426818847,0.8605527605563532,0.8608529155787641,0.8640136446559111,0.8608529155787641,25
AdaBoostClassifier,0.7788969214523597,0.7786753800457832,0.7800060701844469,0.7788969214523597,18.52534317970276,0.05754075050354004,0.7771221352829224,0.7773716275021758,0.7786320286407621,0.7773716275021758,25
GradientBoostingClassifier,0.8166680204694988,0.8162734737710781,0.8193931388353984,0.8166680204694988,94.63552732467652,0.022080755233764647,0.8089322862976122,0.809260226283725,0.8114194233650492,0.809260226283725,25
