description,test_accuracy,test_f1_score,test_precision,test_recall,fit_time,score_time,train_f1_weighted,train_recall_weighted,train_precision_weighted,train_accuracy,iteration
KNeighborsClassifier,0.8411176996182276,0.8408183227816752,0.8434017706030099,0.8411176996182276,0.022104978561401367,1.2934424877166748,0.8325976051613926,0.8329329852045257,0.8357517883054235,0.8329329852045257,13
DecisionTreeClassifier,0.7742669157663877,0.7742679613231184,0.7742764552460989,0.7742669157663877,5.431983184814453,0.013570642471313477,0.7691379367831007,0.7691557876414273,0.7692391589003027,0.7691557876414273,13
BaggingClassifier,0.837056291121761,0.837046825581354,0.8372072390842936,0.837056291121761,34.494969081878665,0.03043990135192871,0.8279043397503016,0.8279199303742384,0.8280184967026509,0.8279199303742384,13
RandomForestClassifier,0.867191942165543,0.8670199514027485,0.8688469506961446,0.867191942165543,27.890394592285155,0.11868247985839844,0.8563914018154755,0.8566057441253264,0.858869969510606,0.8566057441253264,13
ExtraTreesClassifier,0.8666233449760377,0.8663586291287009,0.8692319044124689,0.8666233449760377,4.353177833557129,0.15925893783569336,0.8592127294102813,0.8594952132288947,0.8625257036526746,0.8594952132288947,13
AdaBoostClassifier,0.7838518398180488,0.7836362337356593,0.7847878511575155,0.7838518398180488,18.640943145751955,0.05670285224914551,0.7772094784871397,0.7774064403829417,0.7784780857161255,0.7774064403829417,13
GradientBoostingClassifier,0.8125253838031029,0.8121747817393052,0.8145862947223822,0.8125253838031029,95.26941552162171,0.022088336944580077,0.8105617428422563,0.8109660574412532,0.8137719212039014,0.8109660574412532,13
