description,test_accuracy,test_f1_score,test_precision,test_recall,fit_time,score_time,train_f1_weighted,train_recall_weighted,train_precision_weighted,train_accuracy,iteration
KNeighborsClassifier,0.8388433108602064,0.8385275368837928,0.8411101234943349,0.8388433108602064,0.01743016242980957,1.2875967979431153,0.8329073821136234,0.8332463011314186,0.8361588339984106,0.8332463011314186,26
DecisionTreeClassifier,0.7825521890991796,0.782553506201195,0.7825578076857919,0.7825521890991796,5.472285270690918,0.01346902847290039,0.7749274810291085,0.7749347258485638,0.7749790694252672,0.7749347258485638,26
BaggingClassifier,0.8295832994882625,0.8295585646868283,0.8299209596899817,0.8295832994882625,35.586511039733885,0.0305203914642334,0.8276530949974829,0.8276762402088773,0.8278147133819171,0.8276762402088773,26
RandomForestClassifier,0.8623994801397125,0.862208623553967,0.8640736089369605,0.8623994801397125,27.761771202087402,0.11889705657958985,0.8559470121828777,0.8561531766753699,0.8583594467176999,0.8561531766753699,26
ExtraTreesClassifier,0.8654049224270978,0.8651498785966395,0.867780390049012,0.8654049224270978,4.8748983383178714,0.1771162986755371,0.8588339271622509,0.85911227154047,0.8621437291810139,0.85911227154047,26
AdaBoostClassifier,0.776053935504833,0.7758137255914039,0.7769724978768177,0.776053935504833,18.48287115097046,0.05678901672363281,0.7793821588957743,0.7795648389904264,0.7806129843206626,0.7795648389904264,26
GradientBoostingClassifier,0.8171553894890748,0.8166542614182687,0.8201887318672103,0.8171553894890748,94.62466707229615,0.02211461067199707,0.8108689792406084,0.8112097476066144,0.8136402375927074,0.8112097476066144,26
