description,test_accuracy,test_f1_score,test_precision,test_recall,fit_time,score_time,train_f1_weighted,train_recall_weighted,train_precision_weighted,train_accuracy,iteration
KNeighborsClassifier,0.8420112094874502,0.8416422680389547,0.8449764637202531,0.8420112094874502,0.015932035446166993,1.2980064868927002,0.8324667642002199,0.8328285465622282,0.8358231701959481,0.8328285465622282,3
DecisionTreeClassifier,0.7756477946551864,0.7756480463027174,0.7756601302248047,0.7756477946551864,5.528762292861939,0.01343231201171875,0.7727735160142323,0.7727763272410793,0.7727925249304872,0.7727763272410793,3
BaggingClassifier,0.8323450572658598,0.8323277750613277,0.8325447072982023,0.8323450572658598,36.04612708091736,0.030194807052612304,0.8254585443276788,0.8254830287206266,0.825648078818384,0.8254830287206266,3
RandomForestClassifier,0.8610186012509138,0.8608309122754076,0.8627835681805573,0.8610186012509138,27.94413571357727,0.11853814125061035,0.8562022888118775,0.8563968668407311,0.85842574921755,0.8563968668407311,3
ExtraTreesClassifier,0.8630493054991472,0.86279387663519,0.8655435795796721,0.8630493054991472,4.39529242515564,0.1557924270629883,0.8583397730244029,0.8586248912097476,0.8616458014929336,0.8586248912097476,3
AdaBoostClassifier,0.7789781496222891,0.7787537917738112,0.7799641106751537,0.7789781496222891,18.61181640625,0.05752177238464355,0.7773306462428335,0.7775805047867711,0.7789054765346659,0.7775805047867711,3
GradientBoostingClassifier,0.8165867922995695,0.8162600269520308,0.8186430868878587,0.8165867922995695,95.45873947143555,0.02188253402709961,0.8112095693746697,0.8115230635335073,0.8136994540900936,0.8115230635335073,3
