description,test_accuracy,test_f1_score,test_precision,test_recall,fit_time,score_time,train_f1_weighted,train_recall_weighted,train_precision_weighted,train_accuracy,iteration
KNeighborsClassifier,0.8436357728860369,0.84338445214711,0.84605640879389,0.8436357728860369,0.017472171783447267,1.2934886455535888,0.8296618528044751,0.8300435161009574,0.8329361847017065,0.8300435161009574,17
DecisionTreeClassifier,0.7812525383803103,0.7812353554895822,0.7813073602651861,0.7812525383803103,5.491828298568725,0.013587665557861329,0.771519543703518,0.7715230635335074,0.7715393371448027,0.7715230635335074,17
BaggingClassifier,0.8345382178539518,0.8344928814716956,0.8348329992726992,0.8345382178539518,35.67152161598206,0.030521106719970704,0.8255611468178558,0.8255874673629243,0.8258028468761637,0.8255874673629243,17
RandomForestClassifier,0.866704573145967,0.8665600849809675,0.8684699668615518,0.866704573145967,27.956129693984984,0.11900081634521484,0.8551499515012141,0.8553524804177547,0.8572781058499906,0.8553524804177547,17
ExtraTreesClassifier,0.8685728210543416,0.8683824966112003,0.8709134529588793,0.8685728210543416,4.949708747863769,0.18482375144958496,0.8601561308870661,0.8604351610095735,0.8632595399004559,0.8604351610095735,17
AdaBoostClassifier,0.7831207862886849,0.782961006722371,0.7840847201740136,0.7831207862886849,18.493647146224976,0.05748600959777832,0.7791621327627792,0.7795300261096605,0.7813310217144698,0.7795300261096605,17
GradientBoostingClassifier,0.8217041670051174,0.8213640515432543,0.8243855821167361,0.8217041670051174,94.54403724670411,0.021993112564086915,0.8103491434330088,0.8107223672758922,0.8131077289501067,0.8107223672758922,17
