description,test_accuracy,test_f1_score,test_precision,test_recall,fit_time,score_time,train_f1_weighted,train_recall_weighted,train_precision_weighted,train_accuracy,iteration
KNeighborsClassifier,0.8010722118430672,0.8006463864738076,0.8041953331656942,0.8010722118430672,0.06024050712585449,3.611003589630127,0.7884904665575287,0.7890339425587467,0.7918229359052683,0.7890339425587467,2
DecisionTreeClassifier,0.7228494842011209,0.7228158678151039,0.7230983488286895,0.7228494842011209,19.341375637054444,0.0176666259765625,0.7189160911034622,0.7189208006962576,0.7189251046394649,0.7189208006962576,2
BaggingClassifier,0.7872634229550808,0.7871187047542662,0.7878077678694418,0.7872634229550808,126.88242540359497,0.08109092712402344,0.7800281491621228,0.7801566579634465,0.7809209560605386,0.7801566579634465,2
RandomForestClassifier,0.8191048655673787,0.8189715980157458,0.8203785537646971,0.8191048655673787,45.05069088935852,0.1901395797729492,0.8113123510612656,0.8114882506527415,0.8125207454484042,0.8114882506527415,2
ExtraTreesClassifier,0.8185362683778734,0.8184718134922773,0.8192312178944028,0.8185362683778734,10.748090887069703,0.28307738304138186,0.8124035774101591,0.8125326370757181,0.8132816529575191,0.8125326370757181,2
AdaBoostClassifier,0.7514418000162456,0.7513253367667331,0.7521632694182127,0.7514418000162456,67.34315910339356,0.1766380786895752,0.7495626129569244,0.7497302001740643,0.750297666305068,0.7497302001740643,2
GradientBoostingClassifier,0.7876695638047275,0.7872694754096148,0.7903394034527286,0.7876695638047275,342.1955606460571,0.03390846252441406,0.7807811017350661,0.781201044386423,0.7831930997012682,0.781201044386423,2
