description,test_accuracy,test_f1_score,test_precision,test_recall,fit_time,score_time,train_f1_weighted,train_recall_weighted,train_precision_weighted,train_accuracy,iteration
KNeighborsClassifier,0.7983104540654699,0.7980065979253206,0.8004457461345048,0.7983104540654699,0.08001441955566406,3.651020383834839,0.7890739751587881,0.7894168842471714,0.7911739768459134,0.7894168842471714,21
DecisionTreeClassifier,0.7222808870116156,0.7222707170514056,0.7223779984570629,0.7222808870116156,18.24436025619507,0.01769084930419922,0.7144265577057466,0.7144299390774587,0.7144429219404318,0.7144299390774587,21
BaggingClassifier,0.7884818455040208,0.788328718318641,0.7891267011679174,0.7884818455040208,124.8418655872345,0.08263344764709472,0.7731506680803342,0.7733681462140993,0.774512494724427,0.7733681462140993,21
RandomForestClassifier,0.8183738120380147,0.8182199389804234,0.8197134264733755,0.8183738120380147,44.580900526046754,0.1647289752960205,0.8116749835015394,0.8118363794604004,0.8128171798310145,0.8118363794604004,21
ExtraTreesClassifier,0.8208106571358947,0.8207427829761305,0.8214773283431598,0.8208106571358947,10.678313159942627,0.3097222805023193,0.8123308930592325,0.8124281984334203,0.8130079338653037,0.8124281984334203,21
AdaBoostClassifier,0.7490049549183657,0.7488637735158443,0.749762013653282,0.7490049549183657,66.88359913825988,0.1763599395751953,0.7471367250085608,0.7473281114012185,0.7479978227543267,0.7473281114012185,21
GradientBoostingClassifier,0.7852327187068475,0.7847735685320596,0.7880707756117793,0.7852327187068475,340.3809463024139,0.03271994590759277,0.781910759181928,0.7823150565709313,0.7843128241457832,0.7823150565709313,21
