description,test_accuracy,test_f1_score,test_precision,test_recall,fit_time,score_time,train_f1_weighted,train_recall_weighted,train_precision_weighted,train_accuracy,iteration
KNeighborsClassifier,0.806433271058403,0.8061046099914584,0.8082516244561062,0.806433271058403,0.08028068542480468,3.6605544090270996,0.7853936714154367,0.7857267188859879,0.7876171354598243,0.7857267188859879,13
DecisionTreeClassifier,0.731215985703842,0.7312170710590865,0.731220945011627,0.731215985703842,19.0076443195343,0.01776890754699707,0.7154347359421004,0.7154395126196692,0.7154528028842376,0.7154395126196692,13
BaggingClassifier,0.7838518398180488,0.7836590325638088,0.7850848227013714,0.7838518398180488,126.49537582397461,0.08174076080322265,0.7715953778146557,0.7718015665796344,0.7727132930051379,0.7718015665796344,13
RandomForestClassifier,0.8200796036065308,0.8199681058053833,0.820712852269091,0.8200796036065308,44.536799144744876,0.15989279747009277,0.8104793034204725,0.8106179286335944,0.8116102574627595,0.8106179286335944,13
ExtraTreesClassifier,0.8210543416456827,0.8209907687569005,0.8213919927333493,0.8210543416456827,10.780269289016724,0.30461668968200684,0.8130303651988615,0.8131244560487382,0.813823163540145,0.8131244560487382,13
AdaBoostClassifier,0.7594833888392495,0.7593382230480358,0.7599634236589662,0.7594833888392495,66.90988221168519,0.1829390048980713,0.7523602042556033,0.752550043516101,0.7534071176682827,0.752550043516101,13
GradientBoostingClassifier,0.7895378117131021,0.7892027385151233,0.7911318120283992,0.7895378117131021,339.09434390068054,0.03214840888977051,0.7810650761262228,0.78147954743255,0.7837485065037477,0.78147954743255,13
