description,test_accuracy,test_f1_score,test_precision,test_recall,fit_time,score_time,train_f1_weighted,train_recall_weighted,train_precision_weighted,train_accuracy,iteration
KNeighborsClassifier,0.7932743075298514,0.7927789721346672,0.7981124559366923,0.7932743075298514,0.08307595252990722,3.659819316864014,0.7900797883395019,0.7907049608355091,0.7934943522401808,0.7907049608355091,12
DecisionTreeClassifier,0.7236617659004143,0.7236914048124525,0.7238726445066389,0.7236617659004143,19.638988637924193,0.018108320236206055,0.7139189223872198,0.7139425587467363,0.7139775399432982,0.7139425587467363,12
BaggingClassifier,0.7853951750467062,0.7852567084244598,0.7855762379813788,0.7853951750467062,126.33300857543945,0.08279519081115723,0.7783169872165856,0.7784160139251523,0.7792714196910527,0.7784160139251523,12
RandomForestClassifier,0.8173990739988628,0.8173009808219673,0.8192960727988066,0.8173990739988628,44.58014044761658,0.18105487823486327,0.810104037955248,0.8103742384682333,0.8116551576693721,0.8103742384682333,12
ExtraTreesClassifier,0.8186987247177321,0.8186344744981774,0.8202331938079075,0.8186987247177321,10.792080926895142,0.29410157203674314,0.8102916349864913,0.8104786771105308,0.8113009079938205,0.8104786771105308,12
AdaBoostClassifier,0.7492486394281537,0.7490847925457128,0.7510828921389759,0.7492486394281537,66.9706449508667,0.1841947078704834,0.7513685957400535,0.751610095735422,0.7522246481944113,0.751610095735422,12
GradientBoostingClassifier,0.7823085045893916,0.7818703459485906,0.7864404033585348,0.7823085045893916,339.56471557617186,0.03293628692626953,0.7833935791482353,0.7839164490861619,0.7860398530070585,0.7839164490861619,12
