description,test_accuracy,test_f1_score,test_precision,test_recall,fit_time,score_time,train_f1_weighted,train_recall_weighted,train_precision_weighted,train_accuracy,iteration
KNeighborsClassifier,0.7996913329542685,0.7993395299982315,0.8017481834984983,0.7996913329542685,0.08000469207763672,3.6359549045562742,0.7880867408171472,0.7885117493472584,0.7908861631977392,0.7885117493472584,42
DecisionTreeClassifier,0.723336853220697,0.7233369079835387,0.7233373063726893,0.723336853220697,19.12259430885315,0.01759934425354004,0.7243411647295863,0.7243516100957355,0.7243860002759005,0.7243516100957355,42
BaggingClassifier,0.781414994720169,0.7812525841893366,0.7822920529673125,0.781414994720169,128.1101173877716,0.0798454761505127,0.7783763861234032,0.7785552654482158,0.7794433560499965,0.7785552654482158,42
RandomForestClassifier,0.8157745106002762,0.815663984894807,0.8164985186203237,0.8157745106002762,44.80988974571228,0.17438216209411622,0.8126701496423694,0.812845953002611,0.8140439719391142,0.812845953002611,42
ExtraTreesClassifier,0.8184550402079441,0.8183822627093443,0.8189376156825686,0.8184550402079441,10.48227562904358,0.24553146362304687,0.812871598326506,0.8129852045256746,0.8137577223938331,0.8129852045256746,42
AdaBoostClassifier,0.7503858338071643,0.7502249405189776,0.750999106975447,0.7503858338071643,67.47978711128235,0.16732773780822754,0.7517134520530556,0.751923411662315,0.7527911383035009,0.751923411662315,42
GradientBoostingClassifier,0.7834456989684022,0.783111193944455,0.7851504150907069,0.7834456989684022,341.5335520267487,0.03149709701538086,0.7857560206683091,0.7861444734551785,0.7882572560164908,0.7861444734551785,42
