description,test_accuracy,test_f1_score,test_precision,test_recall,fit_time,score_time,train_f1_weighted,train_recall_weighted,train_precision_weighted,train_accuracy,iteration
KNeighborsClassifier,0.7953862399480139,0.7948113559013671,0.7982681349107197,0.7953862399480139,0.05621776580810547,3.63629207611084,0.7916520889200134,0.7920626631853785,0.7945606191408819,0.7920626631853785,26
DecisionTreeClassifier,0.7267484363577289,0.726744747376827,0.7267457002326,0.7267484363577289,18.1850145816803,0.017685890197753906,0.7166830732524208,0.716692776327241,0.7167379667369944,0.716692776327241,26
BaggingClassifier,0.781414994720169,0.7812524357644632,0.7825280579128977,0.781414994720169,123.7750165939331,0.08021316528320313,0.7766526012584074,0.7768842471714534,0.7779263971957757,0.7768842471714534,26
RandomForestClassifier,0.8161806514499228,0.8160007913940702,0.8171521012705301,0.8161806514499228,44.8051157951355,0.16469249725341797,0.8124893884221885,0.8126370757180157,0.8137361509171516,0.8126370757180157,26
ExtraTreesClassifier,0.8157745106002762,0.8156324856066056,0.8165142430106012,0.8157745106002762,10.522900390625,0.2946197509765625,0.8138474495337557,0.8139251523063533,0.8145313033998445,0.8139251523063533,26
AdaBoostClassifier,0.7508732028267403,0.7506420112281257,0.7515661053882645,0.7508732028267403,67.54145698547363,0.17088398933410645,0.7489452789842946,0.7491035683202785,0.7498266430667904,0.7491035683202785,26
GradientBoostingClassifier,0.7853951750467062,0.784943069941529,0.7874214972352468,0.7853951750467062,342.2873365879059,0.03194127082824707,0.781894281953089,0.7823150565709313,0.7846685966187175,0.7823150565709313,26
