description,test_accuracy,test_f1_score,test_precision,test_recall,fit_time,score_time,train_f1_weighted,train_recall_weighted,train_precision_weighted,train_accuracy,iteration
KNeighborsClassifier,0.7989602794249046,0.7985344848401377,0.802203705238221,0.7989602794249046,0.05647025108337402,3.6427836418151855,0.7921604755828998,0.7927241079199303,0.7956344484678878,0.7927241079199303,7
DecisionTreeClassifier,0.7217935179920396,0.7217927176656875,0.7219050910044034,0.7217935179920396,19.311515235900877,0.017557907104492187,0.7182748441305584,0.7182941688424718,0.7183380141428785,0.7182941688424718,7
BaggingClassifier,0.7832020144586143,0.7830843177967498,0.7835579577335277,0.7832020144586143,129.23531470298767,0.08093347549438476,0.7805652330193668,0.7806788511749347,0.781402626876936,0.7806788511749347,7
RandomForestClassifier,0.8186174965478028,0.8184819677746896,0.8200193123944431,0.8186174965478028,45.144600296020506,0.18181982040405273,0.8134263339852353,0.8136118363794603,0.8146859733289421,0.8136118363794603,7
ExtraTreesClassifier,0.8190236373974494,0.8188655564765246,0.8206198789680584,0.8190236373974494,10.311625862121582,0.24481916427612305,0.8126404549404571,0.8127415143603134,0.813289630212496,0.8127415143603134,7
AdaBoostClassifier,0.7568028592315815,0.7565246535561369,0.7584796280173252,0.7568028592315815,66.8988386631012,0.17313666343688966,0.753521931969656,0.753733681462141,0.7544472130848241,0.753733681462141,7
GradientBoostingClassifier,0.7810088538705223,0.7805131816295471,0.784270519891972,0.7810088538705223,339.0317273616791,0.03119034767150879,0.7837180041776526,0.784194952132289,0.7864607749726492,0.784194952132289,7
