description,test_accuracy,test_f1_score,test_precision,test_recall,fit_time,score_time,train_f1_weighted,train_recall_weighted,train_precision_weighted,train_accuracy,iteration
KNeighborsClassifier,0.7973357160263179,0.7968797087871771,0.8002014240102496,0.7973357160263179,0.0798600196838379,3.6301103591918946,0.7914115433928883,0.7918537859007833,0.7942786998488806,0.7918537859007833,5
DecisionTreeClassifier,0.7198440419137356,0.7198424263254465,0.7198442399572661,0.7198440419137356,18.761265659332274,0.017872047424316407,0.7144907768625627,0.7144995648389904,0.7145208718894462,0.7144995648389904,5
BaggingClassifier,0.7780846397530664,0.7779238760082343,0.7788037541353825,0.7780846397530664,126.76731958389283,0.08119678497314453,0.7739896670364672,0.7741340295909487,0.7748695021822016,0.7741340295909487,5
RandomForestClassifier,0.8199171472666721,0.8197550044240038,0.8211848245589459,0.8199171472666721,44.73298902511597,0.17760210037231444,0.8111732342043705,0.8113489991296781,0.8124563034792406,0.8113489991296781,5
ExtraTreesClassifier,0.8148810007310535,0.8147336209933187,0.8159913640857929,0.8148810007310535,10.744958591461181,0.3011629104614258,0.8112220060691481,0.8113141862489123,0.8118892685759411,0.8113141862489123,5
AdaBoostClassifier,0.7533912760945496,0.7531607231085969,0.7544466633023386,0.7533912760945496,66.85263528823853,0.1788465976715088,0.749647853871611,0.749834638816362,0.7505447057291903,0.749834638816362,5
GradientBoostingClassifier,0.7841767524977662,0.7837076829548232,0.7868291859627893,0.7841767524977662,339.187957239151,0.03243136405944824,0.7833029417403544,0.7836727589208008,0.785555173297232,0.7836727589208008,5
