description,test_accuracy,test_f1_score,test_precision,test_recall,fit_time,score_time,train_f1_weighted,train_recall_weighted,train_precision_weighted,train_accuracy,iteration
KNeighborsClassifier,0.8169929331492162,0.8169274480661226,0.8175420112258409,0.8169929331492162,0.04819865226745605,3.6020044326782226,0.7978222778046042,0.7979460400348128,0.7986308692649141,0.7979460400348128,17
DecisionTreeClassifier,0.7192754447242303,0.7192591178376078,0.7193005465241206,0.7192754447242303,22.17923502922058,0.01775331497192383,0.7068428791074808,0.7068755439512621,0.7069677416514113,0.7068755439512621,17
BaggingClassifier,0.7781658679229957,0.7779022235188415,0.7793458707829776,0.7781658679229957,146.73779702186584,0.08018341064453124,0.7690240570172235,0.7692254134029591,0.7702193874285127,0.7692254134029591,17
RandomForestClassifier,0.8174803021687921,0.8174068764175049,0.8180920427860642,0.8174803021687921,53.66465268135071,0.16382737159729005,0.8018130994978762,0.8021235857267189,0.8039319356878492,0.8021235857267189,17
ExtraTreesClassifier,0.8204857444561774,0.8204187120985719,0.8210621567375892,0.8204857444561774,10.36402997970581,0.2812168598175049,0.8050132217519341,0.8052219321148824,0.806478399573414,0.8052219321148824,17
AdaBoostClassifier,0.7391763463569165,0.7389592196071845,0.7401026009258808,0.7391763463569165,81.3039469242096,0.1752939224243164,0.73062796508541,0.7308964316797215,0.7317732139385379,0.7308964316797215,17
GradientBoostingClassifier,0.7777597270733491,0.777380416718608,0.7798562405138599,0.7777597270733491,418.23791351318357,0.030252933502197266,0.7666172660354391,0.7672410791993037,0.7700340290115026,0.7672410791993037,17
