description,test_accuracy,test_f1_score,test_precision,test_recall,fit_time,score_time,train_f1_weighted,train_recall_weighted,train_precision_weighted,train_accuracy,iteration
KNeighborsClassifier,0.8147185443911948,0.8146561048110441,0.8150284949916388,0.8147185443911948,0.04776973724365234,3.607022285461426,0.8016690994515219,0.801740644038294,0.8022300558319568,0.801740644038294,13
DecisionTreeClassifier,0.7113150840711558,0.7113156212178012,0.7113164962797488,0.7113150840711558,22.63764123916626,0.017711734771728514,0.7062737019175813,0.7062837249782419,0.7063244941204138,0.7062837249782419,13
BaggingClassifier,0.7761351636747624,0.7759514941594968,0.7772506937515763,0.7761351636747624,147.63039512634276,0.07999496459960938,0.761206334617378,0.7614273281114012,0.7623189385982997,0.7614273281114012,13
RandomForestClassifier,0.8155308260904882,0.8153912707111949,0.8163086479876165,0.8155308260904882,53.92454605102539,0.16706395149230957,0.8035082320971373,0.8037597911227155,0.8054096297838675,0.8037597911227155,13
ExtraTreesClassifier,0.8227601332141987,0.8226392291084481,0.8234717342965583,0.8227601332141987,10.275382137298584,0.2730672836303711,0.8077078608760655,0.8079025239338555,0.8092488940239665,0.8079025239338555,13
AdaBoostClassifier,0.738526520997482,0.7383909384480704,0.7388899946567047,0.738526520997482,81.9038348197937,0.168428373336792,0.7318442484447936,0.7320800696257616,0.7329656808559109,0.7320800696257616,13
GradientBoostingClassifier,0.7750791974656811,0.774520165904836,0.7775125690066733,0.7750791974656811,419.61595406532285,0.03366708755493164,0.7642001075763455,0.7649086161879894,0.7682766093681404,0.7649086161879894,13
