description,test_accuracy,test_f1_score,test_precision,test_recall,fit_time,score_time,train_f1_weighted,train_recall_weighted,train_precision_weighted,train_accuracy,iteration
KNeighborsClassifier,0.8057834456989684,0.8056730375833016,0.8065150272023116,0.8057834456989684,0.047285938262939455,3.6198463916778563,0.8039769140681823,0.8040731070496084,0.8046623062760307,0.8040731070496084,9
DecisionTreeClassifier,0.7119649094305905,0.711960857604892,0.7119822112369558,0.7119649094305905,23.219792222976686,0.017843961715698242,0.7053398884111227,0.705343777197563,0.7053536025116743,0.705343777197563,9
BaggingClassifier,0.7738607749167411,0.7737121980054348,0.7745469885688712,0.7738607749167411,150.8039324760437,0.08069658279418945,0.768071602862734,0.7682506527415143,0.7690981105785617,0.7682506527415143,9
RandomForestClassifier,0.807651693607343,0.807429205577679,0.8091300680191749,0.807651693607343,53.89888062477112,0.1645677089691162,0.8046356988131098,0.8049086161879895,0.8065935681264925,0.8049086161879895,9
ExtraTreesClassifier,0.8138250345219722,0.8136858782524392,0.8148059614737179,0.8138250345219722,9.792117738723755,0.18557939529418946,0.808006349509291,0.8082158398607484,0.8095384059736682,0.8082158398607484,9
AdaBoostClassifier,0.7286979124360328,0.7284702793775276,0.7295058350215375,0.7286979124360328,81.7081238269806,0.17464680671691896,0.7329082234644557,0.7332288946910357,0.7343474454219442,0.7332288946910357,9
GradientBoostingClassifier,0.7720737551782958,0.7713711681894142,0.7755379935509008,0.7720737551782958,418.58592052459716,0.03139996528625488,0.7685936060219218,0.769260226283725,0.7723350727674384,0.769260226283725,9
