description,test_accuracy,test_f1_score,test_precision,test_recall,fit_time,score_time,train_f1_weighted,train_recall_weighted,train_precision_weighted,train_accuracy,iteration
KNeighborsClassifier,0.8059459020388271,0.8058375001842927,0.8068407860604185,0.8059459020388271,0.04816594123840332,3.6000130653381346,0.8019971633134009,0.8020887728459531,0.802580645641991,0.8020887728459531,21
DecisionTreeClassifier,0.7165949151165624,0.7165946795077491,0.7166319766249969,0.7165949151165624,22.24207501411438,0.017766427993774415,0.7106942956991199,0.7107049608355092,0.7107205648156241,0.7107049608355092,21
BaggingClassifier,0.778003411583137,0.7778819321086089,0.7784502961902074,0.778003411583137,149.21503686904907,0.0804062843322754,0.7643415192169994,0.7645256744995648,0.7654478556844493,0.7645256744995648,21
RandomForestClassifier,0.8131752091625376,0.8129794450833011,0.8147748745614258,0.8131752091625376,53.950310468673706,0.16139330863952636,0.8044647251421158,0.8046997389033942,0.8060547526660973,0.8046997389033942,21
ExtraTreesClassifier,0.8139062626919016,0.8137441532027996,0.8152627993564934,0.8139062626919016,10.1876136302948,0.293440055847168,0.8094743379398451,0.8097127937336814,0.8111401056905276,0.8097127937336814,21
AdaBoostClassifier,0.7352773942003087,0.735147357881955,0.7359213019379856,0.7352773942003087,81.84175572395324,0.17405800819396972,0.7323600256630352,0.7327067014795474,0.7338094259006028,0.7327067014795474,21
GradientBoostingClassifier,0.7712614734790025,0.7706363711401502,0.7746751103296748,0.7712614734790025,419.9383020877838,0.03171372413635254,0.7699900961013584,0.7706527415143603,0.7736314802052981,0.7706527415143603,21
