description,test_accuracy,test_f1_score,test_precision,test_recall,fit_time,score_time,train_f1_weighted,train_recall_weighted,train_precision_weighted,train_accuracy,iteration
KNeighborsClassifier,0.808139062626919,0.8080665874918215,0.8085491626843243,0.808139062626919,0.047293806076049806,3.606201505661011,0.8026140827409419,0.8027502175805047,0.8036249883832545,0.8027502175805047,29
DecisionTreeClassifier,0.7113150840711558,0.7113141926482963,0.7113254663425916,0.7113150840711558,22.683821058273317,0.0178220272064209,0.7051968563922952,0.7052045256744995,0.7052266795571578,0.7052045256744995,29
BaggingClassifier,0.779952887661441,0.7796671554175599,0.7815210270462446,0.779952887661441,147.28587765693663,0.08065624237060547,0.7638231820871184,0.7640034812880766,0.7647809691356484,0.7640034812880766,29
RandomForestClassifier,0.8149622289009829,0.8148361049637142,0.8157457881449345,0.8149622289009829,54.062235593795776,0.15234341621398925,0.8006790107563116,0.8009747606614448,0.802821676024729,0.8009747606614448,29
ExtraTreesClassifier,0.8169929331492162,0.8168705150375011,0.8177664482771059,0.8169929331492162,9.72847385406494,0.1786973476409912,0.8099008835281396,0.8100957354221062,0.8114197068239081,0.8100957354221062,29
AdaBoostClassifier,0.7337340589716513,0.7334507680537493,0.7346446785920417,0.7337340589716513,81.74578671455383,0.1745023250579834,0.7348310463269528,0.735213228894691,0.7366312141198598,0.735213228894691,29
GradientBoostingClassifier,0.7733734058971652,0.7727982314652531,0.7760255328294116,0.7733734058971652,419.3170651912689,0.03167924880981445,0.7670640628162658,0.7678328981723237,0.77150882581501,0.7678328981723237,29
