description,test_accuracy,test_f1_score,test_precision,test_recall,fit_time,score_time,train_f1_weighted,train_recall_weighted,train_precision_weighted,train_accuracy,iteration
KNeighborsClassifier,0.8042401104703111,0.8040915309816401,0.8048253523326201,0.8042401104703111,0.04766936302185058,3.6136563777923585,0.8010644844099464,0.8011836379460402,0.8020563698425086,0.8011836379460402,4
DecisionTreeClassifier,0.7114775404110145,0.7114739424586258,0.7116194178083279,0.7114775404110145,22.402194356918336,0.017797422409057618,0.7037723156650897,0.7037771975630984,0.703795802476161,0.7037771975630984,4
BaggingClassifier,0.7719925270083665,0.7717803503541008,0.7735018846844813,0.7719925270083665,147.1733036994934,0.08010902404785156,0.766311614720693,0.7665448215839861,0.7674395961230308,0.7665448215839861,4
RandomForestClassifier,0.8097636260255057,0.8095546487054468,0.810704737228281,0.8097636260255057,53.75695142745972,0.18463850021362305,0.8042906626215306,0.8044908616187989,0.8059486127600305,0.8044908616187989,4
ExtraTreesClassifier,0.8153683697506295,0.8151564023890039,0.8163832561412946,0.8153683697506295,9.904192543029785,0.1989358901977539,0.8092349387245484,0.8093994778067884,0.8106641074690358,0.8093994778067884,4
AdaBoostClassifier,0.7307286166842661,0.7306059210631431,0.7309212423651965,0.7307286166842661,81.8053855419159,0.1761934280395508,0.7323109082559669,0.7324978241949521,0.7333127197525503,0.7324978241949521,4
GradientBoostingClassifier,0.7721549833482252,0.7715174554358991,0.7745425599622664,0.7721549833482252,419.654838848114,0.032596921920776366,0.7684895407124016,0.7690165361183638,0.771795502227029,0.7690165361183638,4
