description,test_accuracy,test_f1_score,test_precision,test_recall,fit_time,score_time,train_f1_weighted,train_recall_weighted,train_precision_weighted,train_accuracy,iteration
KNeighborsClassifier,0.8148810007310535,0.8146628433458404,0.8153842164092907,0.8148810007310535,0.047403383255004886,3.6150856018066406,0.8008767962661464,0.8009399477806788,0.8017283975470771,0.8009399477806788,19
DecisionTreeClassifier,0.7000243684509788,0.699914636125634,0.6999540242871897,0.7000243684509788,23.85794405937195,0.017833948135375977,0.7061680788217426,0.7061792863359443,0.7062181331350016,0.7061792863359443,19
BaggingClassifier,0.7722362115181545,0.7721739768357461,0.7738275073137174,0.7722362115181545,149.48137516975402,0.07993073463439941,0.7623612965269952,0.762680591818973,0.7635699505737145,0.762680591818973,19
RandomForestClassifier,0.8111445049143042,0.8108650546540854,0.8118510893131661,0.8111445049143042,54.42100405693054,0.17881293296813966,0.8056916683761278,0.8058137510879024,0.8071200191486202,0.8058137510879024,19
ExtraTreesClassifier,0.8147997725611242,0.8145484952588946,0.8154310763054492,0.8147997725611242,9.977779865264893,0.2345120429992676,0.8088434112700005,0.808946910356832,0.8101237224937468,0.808946910356832,19
AdaBoostClassifier,0.7321907237429941,0.7318846233420262,0.7323879722265578,0.7321907237429941,81.74335055351257,0.17481641769409179,0.7297976195378376,0.7299564838990427,0.7309658661653642,0.7299564838990427,19
GradientBoostingClassifier,0.7700430509300625,0.7693880731676382,0.7714935000950991,0.7700430509300625,418.91731586456297,0.03112187385559082,0.7672275409125898,0.7676936466492602,0.7706945001964348,0.7676936466492602,19
