description,test_accuracy,test_f1_score,test_precision,test_recall,fit_time,score_time,train_f1_weighted,train_recall_weighted,train_precision_weighted,train_accuracy,iteration
KNeighborsClassifier,0.8014783526927138,0.8013943131418643,0.8019305107210436,0.8014783526927138,0.04756917953491211,3.6442161083221434,0.7932469393213577,0.7933855526544822,0.7942095755698274,0.7933855526544822,29
DecisionTreeClassifier,0.7102591178620745,0.7102131386524709,0.7104286727108097,0.7102591178620745,22.436419868469237,0.017784309387207032,0.7012921408887818,0.7013054830287208,0.7013363836179323,0.7013054830287208,29
BaggingClassifier,0.7759727073349038,0.7756804909350971,0.7775263136129298,0.7759727073349038,145.36427636146544,0.0808943271636963,0.7673910473614891,0.7676240208877284,0.7686600188548791,0.7676240208877284,29
RandomForestClassifier,0.8104134513849403,0.810274380242435,0.8112467954201006,0.8104134513849403,53.4323570728302,0.16628847122192383,0.8028202808780837,0.8030635335073978,0.804618846051795,0.8030635335073978,29
ExtraTreesClassifier,0.811550645763951,0.8114522252918503,0.81213584433351,0.811550645763951,10.167003679275513,0.27140045166015625,0.8082595973271844,0.8084595300261096,0.8097972007383081,0.8084595300261096,29
AdaBoostClassifier,0.7307286166842661,0.730426183655612,0.7316792960185976,0.7307286166842661,81.96922507286072,0.17595057487487792,0.7303545676765184,0.7306527415143603,0.7317225116077486,0.7306527415143603,29
GradientBoostingClassifier,0.7691495410608399,0.7686155517640776,0.7715203829050714,0.7691495410608399,416.3282226085663,0.03394441604614258,0.7654259246192836,0.7660922541340296,0.7692277832325317,0.7660922541340296,29
