description,test_accuracy,test_f1_score,test_precision,test_recall,fit_time,score_time,train_f1_weighted,train_recall_weighted,train_precision_weighted,train_accuracy,iteration
KNeighborsClassifier,0.8012346681829259,0.8011698188071494,0.8021158019812198,0.8012346681829259,0.08511075973510743,3.6524590492248534,0.791357301665499,0.7915056570931244,0.792150870847315,0.7915056570931244,15
DecisionTreeClassifier,0.7164324587767038,0.7164384422072105,0.7165874657576485,0.7164324587767038,22.210003280639647,0.017832469940185548,0.6986304818668968,0.6986597040905134,0.6987196753688145,0.6986597040905134,15
BaggingClassifier,0.7809276257005929,0.7807380550083703,0.7814476565723214,0.7809276257005929,146.24018216133118,0.08191423416137696,0.7672730755799161,0.767449956483899,0.7685072383016983,0.767449956483899,15
RandomForestClassifier,0.8143936317114775,0.8142173769910794,0.8163329072647034,0.8143936317114775,53.8084897518158,0.18393230438232422,0.7988173270375696,0.7991993037423847,0.8011602184292268,0.7991993037423847,15
ExtraTreesClassifier,0.8156120542604175,0.8154785198007567,0.8171946312999575,0.8156120542604175,10.698342084884644,0.3203479290008545,0.8035797546744986,0.803899042645779,0.8055881196235634,0.803899042645779,15
AdaBoostClassifier,0.7317845828933475,0.7315951232643979,0.7330328253262983,0.7317845828933475,82.11244788169861,0.17757229804992675,0.7261305204635357,0.7264751958224542,0.727380658122761,0.7264751958224542,15
GradientBoostingClassifier,0.7709365607992852,0.7703934891881827,0.774563793690171,0.7709365607992852,414.0149332046509,0.029915285110473634,0.7614412416884955,0.7623672758920801,0.76602843076526,0.7623672758920801,15
