description,test_accuracy,test_f1_score,test_precision,test_recall,fit_time,score_time,train_f1_weighted,train_recall_weighted,train_precision_weighted,train_accuracy,iteration
KNeighborsClassifier,0.8044025668101698,0.8042558377645991,0.8051987140748655,0.8044025668101698,0.0593963623046875,3.6180895805358886,0.795858100912784,0.7959617058311574,0.7966063723486695,0.7959617058311574,16
DecisionTreeClassifier,0.7117212249208026,0.7117218069548097,0.7117251032441461,0.7117212249208026,21.995153665542603,0.017623329162597658,0.7040842553216616,0.7040905134899912,0.7041127252630252,0.7040905134899912,16
BaggingClassifier,0.778247096092925,0.7779204452662013,0.7800712073190745,0.778247096092925,146.35663981437682,0.0807835578918457,0.7661581900330556,0.7664055700609225,0.7674889456440035,0.7664055700609225,16
RandomForestClassifier,0.8118755584436682,0.811706303422231,0.8128684103303975,0.8118755584436682,53.51145949363708,0.1831582546234131,0.8030514341468248,0.8032724107919929,0.8046998280806026,0.8032724107919929,16
ExtraTreesClassifier,0.8133376655023963,0.8132137978832882,0.8140579847286185,0.8133376655023963,10.574331140518188,0.31121077537536623,0.8080270338537133,0.8082158398607484,0.8094987990275595,0.8082158398607484,16
AdaBoostClassifier,0.7373893266184713,0.7372912544490011,0.7376689397075038,0.7373893266184713,82.13662676811218,0.16529417037963867,0.7245599183406688,0.7248389904264578,0.7258041517379723,0.7248389904264578,16
GradientBoostingClassifier,0.766956380472748,0.7663593985325284,0.7694960756379726,0.766956380472748,415.8688981056213,0.02984142303466797,0.7625389426531346,0.7633072236727589,0.7668497635485674,0.7633072236727589,16
