description,test_accuracy,test_f1_score,test_precision,test_recall,fit_time,score_time,train_f1_weighted,train_recall_weighted,train_precision_weighted,train_accuracy,iteration
KNeighborsClassifier,0.8015595808626431,0.8014077146289729,0.8029273978255927,0.8015595808626431,0.05205540657043457,3.6601760387420654,0.7965922326958325,0.7967624020887729,0.7976050443951487,0.7967624020887729,7
DecisionTreeClassifier,0.7123710502802372,0.712375699992285,0.7123918651483917,0.7123710502802372,22.728084564208984,0.01783604621887207,0.7076380547245461,0.7076414273281113,0.7076527020145231,0.7076414273281113,7
BaggingClassifier,0.7761351636747624,0.7760021692814618,0.7765207439663857,0.7761351636747624,147.0889744758606,0.08421683311462402,0.7671826184203592,0.767449956483899,0.7688750788308897,0.767449956483899,7
RandomForestClassifier,0.8099260823653643,0.8096870584788141,0.8120464504075648,0.8099260823653643,53.993943977355954,0.19143109321594237,0.8034798290732811,0.8037597911227155,0.8052865414722323,0.8037597911227155,7
ExtraTreesClassifier,0.8156932824303469,0.8155053081167558,0.8174951192625608,0.8156932824303469,10.39385781288147,0.2774192333221436,0.8078432281219282,0.8081114012184507,0.8096240145278081,0.8081114012184507,7
AdaBoostClassifier,0.7307286166842661,0.7304999047696629,0.7319363885857699,0.7307286166842661,82.70214343070984,0.17221579551696778,0.7310811654695657,0.7313838120104439,0.7322612160890264,0.7313838120104439,7
GradientBoostingClassifier,0.76427585086508,0.7634453762363193,0.7688840890619146,0.76427585086508,419.6320276260376,0.03443913459777832,0.7680576771787668,0.7687728459530027,0.7718301052272947,0.7687728459530027,7
