description,test_accuracy,test_f1_score,test_precision,test_recall,fit_time,score_time,train_f1_weighted,train_recall_weighted,train_precision_weighted,train_accuracy,iteration
KNeighborsClassifier,0.8054585330192511,0.8053916168025129,0.8069357515555983,0.8054585330192511,0.08124175071716308,3.6587563037872313,0.7931646801539576,0.7933159268929504,0.7938622154103085,0.7933159268929504,12
DecisionTreeClassifier,0.7072536755746893,0.7072829125742026,0.707394609618909,0.7072536755746893,21.94973406791687,0.01777806282043457,0.7054939752510154,0.7055178416013925,0.7055556180574224,0.7055178416013925,12
BaggingClassifier,0.7810088538705223,0.7807727223087874,0.781442579321626,0.7810088538705223,145.07612509727477,0.08387808799743653,0.7642583514952493,0.7643864229765013,0.7653444302612302,0.7643864229765013,12
RandomForestClassifier,0.8083015189667777,0.8081558207533547,0.8105791235655518,0.8083015189667777,53.39631857872009,0.1718916416168213,0.8016571894890054,0.8019843342036553,0.8034708457155031,0.8019843342036553,12
ExtraTreesClassifier,0.8168304768093575,0.816705818742679,0.8189996297019193,0.8168304768093575,10.613156414031982,0.31479678153991697,0.8057507990630677,0.8060574412532638,0.8074885997323499,0.8060574412532638,12
AdaBoostClassifier,0.7266672081877995,0.7264811885007162,0.7284462551598624,0.7266672081877995,82.14866032600403,0.17172999382019044,0.7316313755416759,0.7319756309834639,0.7327603659179676,0.7319756309834639,12
GradientBoostingClassifier,0.7590772479896027,0.7584416747779817,0.7638303066062256,0.7590772479896027,416.67137784957885,0.032461690902709964,0.7651949220028674,0.7660574412532636,0.769224861509433,0.7660574412532636,12
