description,test_accuracy,test_f1_score,test_precision,test_recall,fit_time,score_time,train_f1_weighted,train_recall_weighted,train_precision_weighted,train_accuracy,iteration
KNeighborsClassifier,0.8059459020388271,0.805892711862408,0.8061805862696387,0.8059459020388271,0.08471927642822266,3.6521610260009765,0.7937926727900673,0.7938729329852046,0.7943839506879595,0.7938729329852046,13
DecisionTreeClassifier,0.7134270164893185,0.7134272093555557,0.713427439879501,0.7134270164893185,22.49990348815918,0.017708349227905273,0.7065764480067328,0.7065970409051349,0.7066633937376043,0.7065970409051349,13
BaggingClassifier,0.7701242790999919,0.7698478602320511,0.7716741747043462,0.7701242790999919,145.07525310516357,0.08249521255493164,0.7638159526776087,0.7641427328111401,0.7655135345423629,0.7641427328111401,13
RandomForestClassifier,0.8140687190317603,0.813942677341466,0.8147535693010993,0.8140687190317603,53.262970209121704,0.16759285926818848,0.8013259987444444,0.8015317667536989,0.8028728391350881,0.8015317667536989,13
ExtraTreesClassifier,0.8196734627568841,0.8195457984331294,0.820406937656266,0.8196734627568841,10.693527173995971,0.3210143566131592,0.8068243220754793,0.8069973890339426,0.8081840779134943,0.8069973890339426,13
AdaBoostClassifier,0.733409146291934,0.7331527501451571,0.7341262513630926,0.733409146291934,81.96515564918518,0.170770263671875,0.7280984981918592,0.7283202785030461,0.7291432183012626,0.7283202785030461,13
GradientBoostingClassifier,0.7709365607992852,0.7703653670570871,0.7733385669472873,0.7709365607992852,417.6459771633148,0.03521585464477539,0.7613731182650276,0.7619843342036554,0.7648147572161661,0.7619843342036554,13
