description,test_accuracy,test_f1_score,test_precision,test_recall,fit_time,score_time,train_f1_weighted,train_recall_weighted,train_precision_weighted,train_accuracy,iteration
KNeighborsClassifier,0.8017220372025018,0.8015777855765154,0.802270838281158,0.8017220372025018,0.04716591835021973,3.6058540821075438,0.7916075113678855,0.7917145343777198,0.7924448833112929,0.7917145343777198,4
DecisionTreeClassifier,0.7208187799528877,0.7208179326134586,0.720942892370928,0.7208187799528877,22.40111937522888,0.01828904151916504,0.7032143387388781,0.7032201914708442,0.7032457260388474,0.7032201914708442,4
BaggingClassifier,0.765250588904232,0.7649733632713169,0.7670513568765273,0.765250588904232,145.7176202774048,0.08081073760986328,0.7664054362731172,0.7666492602262838,0.7675957663802009,0.7666492602262838,4
RandomForestClassifier,0.809601169685647,0.8094082767575718,0.8104544392587727,0.809601169685647,53.18904337882996,0.1649102210998535,0.8021516200803447,0.8023672758920801,0.8039010330716275,0.8023672758920801,4
ExtraTreesClassifier,0.8160181951100641,0.8157773489158512,0.8172067578684138,0.8160181951100641,9.897099828720092,0.1995527744293213,0.8047143864032007,0.8048738033072237,0.8060564917333272,0.8048738033072237,4
AdaBoostClassifier,0.7241491349199902,0.7239059569929204,0.7246071821572989,0.7241491349199902,82.11054491996765,0.17051963806152343,0.7280192617707989,0.7282158398607484,0.7290366308597015,0.7282158398607484,4
GradientBoostingClassifier,0.7641946226951507,0.7635348210803619,0.7664994301522525,0.7641946226951507,416.3711414337158,0.030210018157958984,0.7639238851774218,0.7645256744995648,0.7675638047041058,0.7645256744995648,4
