description,test_accuracy,test_f1_score,test_precision,test_recall,fit_time,score_time,train_f1_weighted,train_recall_weighted,train_precision_weighted,train_accuracy,iteration
KNeighborsClassifier,0.8022094062220778,0.8021474782787211,0.8025136634109821,0.8022094062220778,0.06843271255493164,3.835557746887207,0.7964761686478978,0.7965883376849434,0.7972873820616663,0.7965883376849434,22
DecisionTreeClassifier,0.7139956136788238,0.7139862722256511,0.7140054344061809,0.7139956136788238,23.716927814483643,0.01852874755859375,0.7058634183606971,0.7058659704090513,0.7058719355260585,0.7058659704090513,22
BaggingClassifier,0.7738607749167411,0.7736819628626956,0.7748596058999312,0.7738607749167411,153.76544599533082,0.08573670387268066,0.7669609443347396,0.7672062663185379,0.7682745854256068,0.7672062663185379,22
RandomForestClassifier,0.8080578344569896,0.8078297159190854,0.8093747899193338,0.8080578344569896,56.4178081035614,0.18903918266296388,0.8044184931376792,0.8046649260226284,0.8062777587483634,0.8046649260226284,22
ExtraTreesClassifier,0.8114694175940216,0.8112932885934175,0.8125014618059015,0.8114694175940216,11.042281341552734,0.3261650562286377,0.8076375544532303,0.8078677110530897,0.8094143089745225,0.8078677110530897,22
AdaBoostClassifier,0.7264235236780116,0.7259015219342112,0.7279855817845534,0.7264235236780116,86.64585304260254,0.1769327163696289,0.7325634159636264,0.732845953002611,0.7338937608446165,0.732845953002611,22
GradientBoostingClassifier,0.761595321257412,0.7607252837517815,0.7651968300060257,0.761595321257412,438.85150356292723,0.03457660675048828,0.7682246009726159,0.7689120974760663,0.7722410591075842,0.7689120974760663,22
