description,test_accuracy,test_f1_score,test_precision,test_recall,fit_time,score_time,train_f1_weighted,train_recall_weighted,train_precision_weighted,train_accuracy,iteration
KNeighborsClassifier,0.8063520428884737,0.806208517959323,0.8075892575982012,0.8063520428884737,0.049562692642211914,3.6592229843139648,0.7978835003618483,0.7980504786771105,0.7989117971494226,0.7980504786771105,2
DecisionTreeClassifier,0.7127771911298838,0.7127711457255178,0.71287892390063,0.7127771911298838,22.228791522979737,0.01781806945800781,0.7040494997808073,0.7040557006092254,0.7040683483052362,0.7040557006092254,2
BaggingClassifier,0.7837706116481196,0.7836014936530921,0.7844031596899984,0.7837706116481196,144.92465925216675,0.08081254959106446,0.7634781966221083,0.7636901653611836,0.764766753651694,0.7636901653611836,2
RandomForestClassifier,0.8111445049143042,0.8109424896486961,0.8128679071737692,0.8111445049143042,53.30181622505188,0.1592430591583252,0.8032258844642323,0.8034812880765884,0.8048944227515292,0.8034812880765884,2
ExtraTreesClassifier,0.8193485500771668,0.8191484894064918,0.8211658790941935,0.8193485500771668,10.344621181488037,0.28702530860900877,0.8064813183304181,0.8067188859878154,0.8080759880254039,0.8067188859878154,2
AdaBoostClassifier,0.7274794898870929,0.727196658577506,0.7287698046267264,0.7274794898870929,82.12184448242188,0.16783685684204103,0.7315359037001967,0.7318711923411663,0.7328996731510546,0.7318711923411663,2
GradientBoostingClassifier,0.7612704085776948,0.7605965722996982,0.7648185494784627,0.7612704085776948,416.6870364189148,0.03121352195739746,0.7661381354621009,0.7668233246301132,0.7697641381122962,0.7668233246301132,2
