description,test_accuracy,test_f1_score,test_precision,test_recall,fit_time,score_time,train_f1_weighted,train_recall_weighted,train_precision_weighted,train_accuracy,iteration
KNeighborsClassifier,0.8046462513199577,0.804520283823558,0.8052225507575048,0.8046462513199577,0.049110794067382814,3.6375763416290283,0.7936376733192191,0.7937684943429069,0.7946071064917262,0.7937684943429069,26
DecisionTreeClassifier,0.7130208756396719,0.7130224662064815,0.7130261738015166,0.7130208756396719,23.845425271987914,0.017873334884643554,0.7059643379639144,0.705970409051349,0.7059878016489775,0.705970409051349,26
BaggingClassifier,0.7741856875964584,0.7739980796352225,0.7753846070669803,0.7741856875964584,147.97856273651124,0.08128547668457031,0.7620370007393169,0.7623324630113142,0.7635094762852017,0.7623324630113142,26
RandomForestClassifier,0.8074892372674843,0.8072837744302866,0.808526321589491,0.8074892372674843,54.18032488822937,0.1697331428527832,0.8002829019551869,0.8005221932114882,0.8020981625472778,0.8005221932114882,26
ExtraTreesClassifier,0.8104134513849403,0.8102638296232444,0.8111578902304772,0.8104134513849403,10.257428932189942,0.2956823825836182,0.8069937554848783,0.8071714534377719,0.8084207185054904,0.8071714534377719,26
AdaBoostClassifier,0.7315408983835594,0.7313610321504281,0.7319667215140531,0.7315408983835594,82.74671545028687,0.17181057929992677,0.7266550970257409,0.7268929503916449,0.7277774120747222,0.7268929503916449,26
GradientBoostingClassifier,0.7673625213223946,0.7666824382339926,0.7700573290775681,0.7673625213223946,419.67462792396543,0.033919906616210936,0.7632276379794003,0.763899042645779,0.7671186027844087,0.763899042645779,26
