description,test_accuracy,test_f1_score,test_precision,test_recall,fit_time,score_time,train_f1_weighted,train_recall_weighted,train_precision_weighted,train_accuracy,iteration
KNeighborsClassifier,0.8031029160913005,0.8029559482740829,0.8041104206134406,0.8031029160913005,0.04918184280395508,3.6462942123413087,0.7936172682452332,0.7936988685813751,0.7941366966259342,0.7936988685813751,5
DecisionTreeClassifier,0.7117212249208026,0.7117207722252008,0.7117207797344456,0.7117212249208026,23.27659935951233,0.017786645889282228,0.706315328662863,0.7063185378590078,0.7063273865623627,0.7063185378590078,5
BaggingClassifier,0.7744293721062464,0.7742184591900597,0.77535804323054,0.7744293721062464,146.63431906700134,0.08503332138061523,0.765846533239705,0.7660574412532637,0.7670686594792173,0.7660574412532637,5
RandomForestClassifier,0.8053773048493218,0.8050977064503313,0.8072784257156527,0.8053773048493218,53.7878080368042,0.18076744079589843,0.8027436246061799,0.8029590948651,0.8042460239051611,0.8029590948651,5
ExtraTreesClassifier,0.8133376655023963,0.8131281052308488,0.8148736338058737,0.8133376655023963,10.417390584945679,0.2766399383544922,0.8087782760371475,0.8089817232375978,0.8102514601281383,0.8089817232375978,5
AdaBoostClassifier,0.7229307123710503,0.7227535563606272,0.7235859289725798,0.7229307123710503,82.61129589080811,0.17487783432006837,0.7281659944332467,0.7283899042645778,0.7291103383540736,0.7283899042645778,5
GradientBoostingClassifier,0.761595321257412,0.7608498863940333,0.765091125660143,0.761595321257412,419.4332995891571,0.03048672676086426,0.7655143774789389,0.7661966927763272,0.7692621049982549,0.7661966927763272,5
