description,test_accuracy,test_f1_score,test_precision,test_recall,fit_time,score_time,train_f1_weighted,train_recall_weighted,train_precision_weighted,train_accuracy,iteration
KNeighborsClassifier,0.8022906343920071,0.8020994002004891,0.8026151511729395,0.8022906343920071,0.05272822380065918,3.6423667907714843,0.7953402160925377,0.7954046997389035,0.7961741649556683,0.7954046997389035,19
DecisionTreeClassifier,0.7107464868816505,0.710783867232961,0.7108955319048695,0.7107464868816505,23.155926084518434,0.017592668533325195,0.7070807184099989,0.7070844212358572,0.707105382269248,0.7070844212358572,19
BaggingClassifier,0.7689058565510519,0.7687214353355944,0.7714510473015396,0.7689058565510519,147.15289535522462,0.08010625839233398,0.7656493325322123,0.7660226283724978,0.7671553003324034,0.7660226283724978,19
RandomForestClassifier,0.8092762570059296,0.8090503574949086,0.8097638325141119,0.8092762570059296,53.3704336643219,0.15166049003601073,0.8048087822322119,0.8049086161879895,0.8060172457551038,0.8049086161879895,19
ExtraTreesClassifier,0.8119567866135976,0.8117004580830075,0.8125810073633718,0.8119567866135976,9.991740369796753,0.17603602409362792,0.8068495763368473,0.8069625761531768,0.8081985113187322,0.8069625761531768,19
AdaBoostClassifier,0.7253675574689302,0.7250001486637966,0.7256224910772394,0.7253675574689302,81.87708353996277,0.17322378158569335,0.7258323571791216,0.725987815491732,0.726967820845207,0.725987815491732,19
GradientBoostingClassifier,0.7604581268784014,0.7595301682504428,0.7625666380345176,0.7604581268784014,418.3398195266724,0.03196077346801758,0.7636771982910812,0.764212358572672,0.7675229256257246,0.764212358572672,19
