description,test_accuracy,test_f1_score,test_precision,test_recall,fit_time,score_time,train_f1_weighted,train_recall_weighted,train_precision_weighted,train_accuracy,iteration
KNeighborsClassifier,0.8051336203395337,0.8049593437702476,0.8060828985252694,0.8051336203395337,0.04870662689208984,3.622583293914795,0.7967406100042969,0.7968668407310705,0.7976523288398936,0.7968668407310705,3
DecisionTreeClassifier,0.7105028023718626,0.7105005483938064,0.7105020448149465,0.7105028023718626,22.625390577316285,0.01795086860656738,0.702406347031532,0.7024194952132289,0.7024559342787192,0.7024194952132289,3
BaggingClassifier,0.7719112988384371,0.771851359457743,0.7722848527317752,0.7719112988384371,147.21318860054015,0.08118896484375,0.7611502140988129,0.7614273281114012,0.7625673951964264,0.7614273281114012,3
RandomForestClassifier,0.8130939809926082,0.8127874520713422,0.8149560340185755,0.8130939809926082,53.82357664108277,0.17133646011352538,0.8032457446410527,0.8034812880765884,0.8050152600263661,0.8034812880765884,3
ExtraTreesClassifier,0.8157745106002762,0.8154996985446431,0.8174743465071784,0.8157745106002762,10.179200649261475,0.2548830986022949,0.8063777197613817,0.806579634464752,0.8079382222375797,0.806579634464752,3
AdaBoostClassifier,0.7359272195597433,0.7355862376259201,0.7369893413803402,0.7359272195597433,82.0463237285614,0.16894164085388183,0.7278378965194585,0.7280417754569191,0.7287812373162993,0.7280417754569191,3
GradientBoostingClassifier,0.7676874340021119,0.7668096451615086,0.7714836113871184,0.7676874340021119,415.54321255683897,0.032234907150268555,0.7657423679000589,0.7664751958224543,0.7699778857409609,0.7664751958224543,3
