description,test_accuracy,test_f1_score,test_precision,test_recall,fit_time,score_time,train_f1_weighted,train_recall_weighted,train_precision_weighted,train_accuracy,iteration
KNeighborsClassifier,0.8002599301437738,0.8002143210675136,0.8006755972054839,0.8002599301437738,0.07008662223815917,3.8359757900238036,0.7942436891005956,0.794325500435161,0.7947280238997779,0.794325500435161,21
DecisionTreeClassifier,0.7108277150515799,0.7108135156405029,0.7109389549845608,0.7108277150515799,23.561035680770875,0.018373775482177734,0.7063550465034705,0.7063881636205396,0.7064749521239719,0.7063881636205396,21
BaggingClassifier,0.7735358622370238,0.773365889135005,0.7741664624971469,0.7735358622370238,152.64742345809935,0.08446459770202637,0.7655231174679578,0.7657789382071366,0.7670467512516177,0.7657789382071366,21
RandomForestClassifier,0.8104134513849403,0.810256417167196,0.8116972831243148,0.8104134513849403,55.810849237442014,0.1826631546020508,0.8029303446014385,0.8031679721496954,0.8045226896231528,0.8031679721496954,21
ExtraTreesClassifier,0.8151246852408415,0.8149817994566434,0.8163474699306829,0.8151246852408415,10.984460067749023,0.3312378406524658,0.8095869650378613,0.8097824194952132,0.8109504512017173,0.8097824194952132,21
AdaBoostClassifier,0.7270733490374461,0.726790239019569,0.7282701788006012,0.7270733490374461,85.9814624786377,0.1805744171142578,0.7312893779950663,0.7315230635335074,0.7322473846681239,0.7315230635335074,21
GradientBoostingClassifier,0.765981642433596,0.7652994755152932,0.7695448281256456,0.765981642433596,436.16992874145507,0.031326675415039064,0.7675326355279901,0.7681810269799827,0.7710448666940035,0.7681810269799827,21
