description,test_accuracy,test_f1_score,test_precision,test_recall,fit_time,score_time,train_f1_weighted,train_recall_weighted,train_precision_weighted,train_accuracy,iteration
KNeighborsClassifier,0.8007472991633499,0.8006324776935997,0.801476817218273,0.8007472991633499,0.049908113479614255,3.6364531993865965,0.7955078919049099,0.7956135770234987,0.7962153428060963,0.7956135770234987,9
DecisionTreeClassifier,0.710096661522216,0.7100880040298215,0.7101292860686573,0.710096661522216,23.391285371780395,0.01782689094543457,0.7068175485087992,0.706840731070496,0.7069054893580409,0.706840731070496,9
BaggingClassifier,0.7707741044594265,0.7704842852277052,0.7721000973350258,0.7707741044594265,148.1779580116272,0.08304295539855958,0.7668561251925586,0.7671018276762402,0.768262174738766,0.7671018276762402,9
RandomForestClassifier,0.8074892372674843,0.8072791639191459,0.8088843537413427,0.8074892372674843,53.786534023284915,0.1814281463623047,0.8053770015022905,0.8056048738033074,0.8070074996866751,0.8056048738033074,9
ExtraTreesClassifier,0.8094387133457883,0.8092641343470307,0.8106203911027029,0.8094387133457883,10.396455812454224,0.3018799781799316,0.8083946161153088,0.8085987815491732,0.8098943266365419,0.8085987815491732,9
AdaBoostClassifier,0.7278856307367395,0.7276336512899569,0.7287723980528682,0.7278856307367395,82.05177216529846,0.17545199394226074,0.7298293181337985,0.7302001740644039,0.731427284347999,0.7302001740644039,9
GradientBoostingClassifier,0.7650881325643734,0.7644305116753851,0.7681554834761731,0.7650881325643734,417.5482766151428,0.03382854461669922,0.7654036648175989,0.7661618798955614,0.7695828015041041,0.7661618798955614,9
