description,test_accuracy,test_f1_score,test_precision,test_recall,fit_time,score_time,train_f1_weighted,train_recall_weighted,train_precision_weighted,train_accuracy,iteration
KNeighborsClassifier,0.8023718625619365,0.8021650492145356,0.8034842636505086,0.8023718625619365,0.006208276748657227,0.6748104095458984,0.7938978421955903,0.7940818102697997,0.7952071852887965,0.7940818102697997,3
DecisionTreeClassifier,0.7083096417837706,0.7082924499309213,0.7083306839307792,0.7083096417837706,0.6199614048004151,0.012793493270874024,0.7029008395111881,0.7029068755439514,0.7029286074870171,0.7029068755439514,3
BaggingClassifier,0.7720737551782958,0.7718787352567722,0.773158928509433,0.7720737551782958,3.988765525817871,0.02257819175720215,0.7661700957461983,0.7664403829416884,0.7676041071558413,0.7664403829416884,3
RandomForestClassifier,0.8114694175940216,0.811366291146102,0.8120394001632707,0.8114694175940216,8.107544231414796,0.11632871627807617,0.8066851157363548,0.8067885117493473,0.8075061934366664,0.8067885117493473,3
ExtraTreesClassifier,0.8195922345869547,0.8195419117643918,0.8198701381043432,0.8195922345869547,2.251233720779419,0.16090860366821289,0.8101620819246182,0.8102001740644038,0.8104801350654423,0.8102001740644038,3
AdaBoostClassifier,0.7044919177970921,0.7044688507939316,0.7046029328910676,0.7044919177970921,2.489089822769165,0.042713069915771486,0.6937782563524301,0.6939251523063533,0.6942595056140148,0.6939251523063533,3
GradientBoostingClassifier,0.7524977662253269,0.7523604888695845,0.752953668955966,0.7524977662253269,12.849379777908325,0.020188236236572267,0.7406828302326425,0.7407832898172323,0.7412013529489185,0.7407832898172323,3
