description,test_accuracy,test_f1_score,test_precision,test_recall,fit_time,score_time,train_f1_weighted,train_recall_weighted,train_precision_weighted,train_accuracy,iteration
KNeighborsClassifier,0.7983104540654699,0.7981118571946051,0.7993521871918638,0.7983104540654699,0.005768775939941406,0.6775901317596436,0.7925009651381545,0.7926544821583986,0.7935788037880579,0.7926544821583986,22
DecisionTreeClassifier,0.7131833319795305,0.7131590986370466,0.7132234346241287,0.7131833319795305,0.6220009326934814,0.012552165985107422,0.7033038337446413,0.7033246301131418,0.7033854059425995,0.7033246301131418,22
BaggingClassifier,0.7686621720412639,0.7684596846451257,0.7697414528846303,0.7686621720412639,4.0095514297485355,0.022698020935058592,0.7609047547620515,0.7611488250652741,0.7621713877411274,0.7611488250652741,22
RandomForestClassifier,0.8166680204694988,0.816575859632342,0.8172078100211635,0.8166680204694988,8.096664333343506,0.11659212112426758,0.8060343841366524,0.8061270670147955,0.8067620278347112,0.8061270670147955,22
ExtraTreesClassifier,0.82016083177646,0.8201374332299504,0.8202805181520584,0.82016083177646,2.2037700176239015,0.1606731414794922,0.8118939920109975,0.811940818102698,0.8122844342413433,0.811940818102698,22
AdaBoostClassifier,0.702298757209,0.7022468429689912,0.7024986988062752,0.702298757209,2.4950700759887696,0.0429807186126709,0.6997236849573236,0.6998085291557877,0.6999997079485318,0.6998085291557877,22
GradientBoostingClassifier,0.7446186337421817,0.7444948756810906,0.7450059424036225,0.7446186337421817,12.888976669311523,0.020366907119750977,0.7458059770655582,0.7459355961705831,0.746478306805953,0.7459355961705831,22
