description,test_accuracy,test_f1_score,test_precision,test_recall,fit_time,score_time,train_f1_weighted,train_recall_weighted,train_precision_weighted,train_accuracy,iteration
KNeighborsClassifier,0.7972544878563886,0.7970673465589937,0.7980999494124973,0.7972544878563886,0.005849123001098633,0.6760076522827149,0.7927179192883061,0.7928981723237598,0.7940448990910116,0.7928981723237598,26
DecisionTreeClassifier,0.7107464868816505,0.7107488801624355,0.7107614871668124,0.7107464868816505,0.614659595489502,0.012457466125488282,0.7038573213250714,0.7038816362053959,0.7039484722458529,0.7038816362053959,26
BaggingClassifier,0.7679311185118999,0.7676884571012229,0.7693698186220703,0.7679311185118999,4.045130252838135,0.022592496871948243,0.7636157493381526,0.7639686684073108,0.7654299042232424,0.7639686684073108,26
RandomForestClassifier,0.809113800666071,0.8090183391359996,0.8095491790155248,0.809113800666071,8.18953275680542,0.11674017906188965,0.8043814643191874,0.8044560487380332,0.8049984938120455,0.8044560487380332,26
ExtraTreesClassifier,0.8124441556331736,0.8124130294977188,0.8125549162842879,0.8124441556331736,2.244662714004517,0.16089987754821777,0.813475100546239,0.8135073977371627,0.8137785490197178,0.8135073977371627,26
AdaBoostClassifier,0.7034359515880108,0.7033861042654997,0.7037040556402049,0.7034359515880108,2.5074963569641113,0.04280672073364258,0.7031857399500432,0.703289817232376,0.7035231073964412,0.703289817232376,26
GradientBoostingClassifier,0.7420193323044432,0.7419120336613065,0.7422706207030789,0.7420193323044432,12.941483879089356,0.020113086700439452,0.7421922724370196,0.7422802436901653,0.7426771353421681,0.7422802436901653,26
