description,test_accuracy,test_f1_score,test_precision,test_recall,fit_time,score_time,train_f1_weighted,train_recall_weighted,train_precision_weighted,train_accuracy,iteration
KNeighborsClassifier,0.8013971245227846,0.801207259661095,0.8025091633991865,0.8013971245227846,0.006042766571044922,0.6729118824005127,0.7902308542584938,0.790426457789382,0.791526455514431,0.790426457789382,42
DecisionTreeClassifier,0.7113150840711558,0.7113079372465728,0.7113302285340721,0.7113150840711558,0.6251381874084473,0.012342882156372071,0.7003821878322493,0.7004003481288077,0.7004534080718783,0.7004003481288077,42
BaggingClassifier,0.7745918284461051,0.7743819817407843,0.7756602587334002,0.7745918284461051,4.006092166900634,0.022449731826782227,0.7618661183549775,0.7621235857267189,0.7632488512060744,0.7621235857267189,42
RandomForestClassifier,0.8113069612541629,0.8112486240124606,0.8116674138591659,0.8113069612541629,8.155508041381836,0.11634297370910644,0.8072908286217212,0.8073803307223673,0.807948804429001,0.8073803307223673,42
ExtraTreesClassifier,0.8206482007960361,0.8206245395700835,0.8208012646933696,0.8206482007960361,2.2387237548828125,0.16151461601257325,0.8147450492230528,0.8147954743255005,0.8151405999932606,0.8147954743255005,42
AdaBoostClassifier,0.6971001543335229,0.6969571421391548,0.6975006046915421,0.6971001543335229,2.501658248901367,0.042685079574584964,0.7009876272809976,0.7010617928633595,0.7012511317827228,0.7010617928633595,42
GradientBoostingClassifier,0.7461619689708391,0.7460730029484406,0.7464830253194643,0.7461619689708391,12.86886978149414,0.02019352912902832,0.7427030360809124,0.7428024369016537,0.7431797447750818,0.7428024369016537,42
