description,test_accuracy,test_f1_score,test_precision,test_recall,fit_time,score_time,train_f1_weighted,train_recall_weighted,train_precision_weighted,train_accuracy,iteration
KNeighborsClassifier,0.8014783526927138,0.8012563364508142,0.8032225501614048,0.8014783526927138,0.005820703506469726,0.6760570049285889,0.796395924764329,0.7965883376849435,0.7975766049179447,0.7965883376849435,2
DecisionTreeClassifier,0.7143205263585412,0.7143038142550494,0.7144799034723753,0.7143205263585412,0.6252397060394287,0.012468099594116211,0.6976131378867922,0.6976501305483029,0.6977249895564804,0.6976501305483029,2
BaggingClassifier,0.7661440987734547,0.7659288225923011,0.7668512712615712,0.7661440987734547,4.0161927223205565,0.022608280181884766,0.7635179972486019,0.7637946040034813,0.7651916927418312,0.7637946040034813,2
RandomForestClassifier,0.8126878401429616,0.8125946616341087,0.813587860819708,0.8126878401429616,8.12081241607666,0.11655335426330567,0.8051642004492419,0.8052567449956485,0.8057448199678499,0.8052567449956485,2
ExtraTreesClassifier,0.8212980261554708,0.8212420998102361,0.8219309722632436,0.8212980261554708,2.247062587738037,0.16151866912841797,0.8088083154470723,0.8088424717145344,0.8090092970232903,0.8088424717145344,2
AdaBoostClassifier,0.7041670051173747,0.7041316678950734,0.7041892796518638,0.7041670051173747,2.4809573173522947,0.04296088218688965,0.7037442141896767,0.7038120104438642,0.7040635327013351,0.7038120104438642,2
GradientBoostingClassifier,0.7456745999512631,0.7455703357164605,0.7463119552320819,0.7456745999512631,12.814802217483521,0.020365095138549803,0.7444033480612612,0.7445430809399477,0.7449875311156025,0.7445430809399477,2
