description,test_accuracy,test_f1_score,test_precision,test_recall,fit_time,score_time,train_f1_weighted,train_recall_weighted,train_precision_weighted,train_accuracy,iteration
KNeighborsClassifier,0.7940053610592154,0.7937738376030619,0.7953100038316891,0.7940053610592154,0.005734539031982422,0.6761605739593506,0.7950647529627538,0.7952654482158399,0.7964334486990335,0.7952654482158399,10
DecisionTreeClassifier,0.7130208756396719,0.7129612178650877,0.7131898781501549,0.7130208756396719,0.631794023513794,0.012395095825195313,0.7061670421021893,0.7061792863359443,0.7062166681317639,0.7061792863359443,10
BaggingClassifier,0.7705304199496386,0.7704129377157223,0.7710996097071324,0.7705304199496386,4.091966056823731,0.022740983963012697,0.7661171968687259,0.7664055700609225,0.7677221235583834,0.7664055700609225,10
RandomForestClassifier,0.8091950288360004,0.809071224252248,0.8099824278049266,0.8091950288360004,8.20349154472351,0.11677064895629882,0.8053615808116179,0.8054656222802438,0.806125287059157,0.8054656222802438,10
ExtraTreesClassifier,0.8132564373324669,0.8131948762748787,0.8136580359126176,0.8132564373324669,2.233637809753418,0.16118617057800294,0.8127712990792038,0.8128111401218451,0.813079340867177,0.8128111401218451,10
AdaBoostClassifier,0.6997806839411908,0.6997210567235587,0.699947627679786,0.6997806839411908,2.495400905609131,0.04296565055847168,0.7026959439575183,0.7028024369016536,0.7030887744763055,0.7028024369016536,10
GradientBoostingClassifier,0.7417756477946552,0.7416424897694505,0.7422615346602671,0.7417756477946552,12.865363836288452,0.020231246948242188,0.7449621923277461,0.7450652741514361,0.7454701682411818,0.7450652741514361,10
