description,test_accuracy,test_f1_score,test_precision,test_recall,fit_time,score_time,train_f1_weighted,train_recall_weighted,train_precision_weighted,train_accuracy,iteration
KNeighborsClassifier,0.7990415075948338,0.7988317854887812,0.8002811691025569,0.7990415075948338,0.006126976013183594,0.6726334095001221,0.7950259742252708,0.7951958224543081,0.7961787531652009,0.7951958224543081,25
DecisionTreeClassifier,0.7126147347900251,0.7126055797648858,0.71263991120351,0.7126147347900251,0.6232038021087647,0.012378168106079102,0.703444694907817,0.7034638816362054,0.7035181473173627,0.7034638816362054,25
BaggingClassifier,0.7708553326293559,0.7706509638448343,0.7718355112276181,0.7708553326293559,3.9938731670379637,0.02258334159851074,0.7649848254188862,0.7652915578764142,0.7666770473020926,0.7652915578764142,25
RandomForestClassifier,0.8134188936723256,0.8133177925239545,0.81409011723442,0.8134188936723256,8.137595176696777,0.11632533073425293,0.8084287015413076,0.8085291557876415,0.8091945573186287,0.8085291557876415,25
ExtraTreesClassifier,0.8194297782470961,0.819377972791775,0.819789946415864,0.8194297782470961,2.2419851779937745,0.16172280311584472,0.8140215097068575,0.8140644038294169,0.8143563279699784,0.8140644038294169,25
AdaBoostClassifier,0.70351717975794,0.7033781861547136,0.7039068395174903,0.70351717975794,2.496689558029175,0.04267616271972656,0.7032482224136422,0.7033594429939077,0.7036606456358389,0.7033594429939077,25
GradientBoostingClassifier,0.7438875802128178,0.743713885044493,0.7445411222676996,0.7438875802128178,12.864814519882202,0.02011556625366211,0.7438896225594214,0.7439860748476936,0.7443622546760077,0.7439860748476936,25
