description,test_accuracy,test_f1_score,test_precision,test_recall,fit_time,score_time,train_f1_weighted,train_recall_weighted,train_precision_weighted,train_accuracy,iteration
KNeighborsClassifier,0.794167817399074,0.7940736852723115,0.7958319925636643,0.794167817399074,0.0059411048889160155,0.678739595413208,0.7916246303343358,0.7918885987815492,0.7929287049048108,0.7918885987815492,12
DecisionTreeClassifier,0.7197628137438064,0.7197763596834436,0.7202581222161913,0.7197628137438064,0.620176124572754,0.012477779388427734,0.7015642759772647,0.7016187989556136,0.7016805634761244,0.7016187989556136,12
BaggingClassifier,0.7671188368126066,0.7667392040435624,0.7678672819000003,0.7671188368126066,3.9612785816192626,0.022537612915039064,0.7592451913664044,0.7595126196692776,0.7611778366720842,0.7595126196692776,12
RandomForestClassifier,0.8117131021038096,0.8116853279279252,0.8127830848944445,0.8117131021038096,8.132684469223022,0.11648659706115723,0.8047820721304774,0.8049434290687554,0.8056044521603913,0.8049434290687554,12
ExtraTreesClassifier,0.8158557387702055,0.8158639399791742,0.8164173136584789,0.8158557387702055,2.248909330368042,0.1608034610748291,0.8088157011388803,0.8089120974760661,0.8092801587065992,0.8089120974760661,12
AdaBoostClassifier,0.7028673543985055,0.7028401932751698,0.7028326630900369,0.7028673543985055,2.4977542400360107,0.042644309997558597,0.7046829425772211,0.7047171453437773,0.7049719438099364,0.7047171453437773,12
GradientBoostingClassifier,0.7440500365526764,0.7439093569043048,0.7456999495849469,0.7440500365526764,12.833684873580932,0.020291805267333984,0.7424555258428635,0.7426283724978242,0.7430112595744509,0.7426283724978242,12
