description,test_accuracy,test_f1_score,test_precision,test_recall,fit_time,score_time,train_f1_weighted,train_recall_weighted,train_precision_weighted,train_accuracy,iteration
KNeighborsClassifier,0.8001787019738446,0.799927523033813,0.8006821343487173,0.8001787019738446,0.005795192718505859,0.680987548828125,0.7965716354973746,0.7966927763272411,0.797925798641304,0.7966927763272411,19
DecisionTreeClassifier,0.7096905206725692,0.7097015981732792,0.7097164218705065,0.7096905206725692,0.630421781539917,0.01255970001220703,0.7022422932324425,0.7022454308093995,0.7022801099356053,0.7022454308093995,19
BaggingClassifier,0.7682560311916172,0.7681981043302892,0.7697891740536918,0.7682560311916172,4.04281702041626,0.022684526443481446,0.763966828724268,0.7643864229765012,0.7656641505821479,0.7643864229765012,19
RandomForestClassifier,0.8092762570059296,0.8091848423811336,0.8093537756905396,0.8092762570059296,8.186665153503418,0.11689467430114746,0.804561740159422,0.8045953002610966,0.8051189730333249,0.8045953002610966,19
ExtraTreesClassifier,0.8114694175940216,0.8114324091921276,0.8114589475194821,0.8114694175940216,2.2609368324279786,0.16112074851989747,0.8115938496515724,0.8115926892950392,0.8117432634414943,0.8115926892950392,19
AdaBoostClassifier,0.6913329542685404,0.6912798342600183,0.6925318075623279,0.6913329542685404,2.5006131649017336,0.042970895767211914,0.7015612805570554,0.7017232375979112,0.7018893291344339,0.7017232375979112,19
GradientBoostingClassifier,0.7430752985135245,0.7429869898779047,0.7430423952455949,0.7430752985135245,12.906902933120728,0.020376968383789062,0.7394925076446588,0.7395300261096607,0.7399518947184195,0.7395300261096607,19
