description,test_accuracy,test_f1_score,test_precision,test_recall,fit_time,score_time,train_f1_weighted,train_recall_weighted,train_precision_weighted,train_accuracy,iteration
KNeighborsClassifier,0.8916416213142718,0.891534813245137,0.8940149123047484,0.8916416213142718,0.09797964096069336,6.710461378097534,0.8834116334697788,0.8836553524804177,0.8864937554666836,0.8836553524804177,15
DecisionTreeClassifier,0.8191048655673787,0.8190920839915465,0.8191096736545754,0.8191048655673787,68.89602127075196,0.022959518432617187,0.8126292666486933,0.8126370757180157,0.8126752605849475,0.8126370757180157,15
BaggingClassifier,0.8738526520997482,0.8738410709990131,0.8738782301432316,0.8738526520997482,435.1915072917938,0.15607075691223143,0.8616158196604575,0.8616187989556134,0.8617041825767663,0.8616187989556134,15
RandomForestClassifier,0.8935910973925757,0.8935573622136737,0.8946292486061099,0.8935910973925757,95.25766286849975,0.20463342666625978,0.8863823353576498,0.8865100087032202,0.8879857569443278,0.8865100087032202,15
ExtraTreesClassifier,0.8987897002680529,0.8987374233027055,0.900259893281422,0.8987897002680529,13.358840847015381,0.24851856231689454,0.8913741053049765,0.8915230635335074,0.8933583852643056,0.8915230635335074,15
AdaBoostClassifier,0.8195110064170255,0.8193929405994261,0.8209920893493377,0.8195110064170255,160.7312927722931,0.293044900894165,0.817727863927422,0.8179982593559616,0.8195916898090184,0.8179982593559616,15
GradientBoostingClassifier,0.854439119486638,0.8543463740922804,0.8560082473252523,0.854439119486638,829.1430462837219,0.06129932403564453,0.852444134328131,0.8527067014795474,0.8549007738661736,0.8527067014795474,15
