description,test_accuracy,test_f1_score,test_precision,test_recall,fit_time,score_time,train_f1_weighted,train_recall_weighted,train_precision_weighted,train_accuracy,iteration
KNeighborsClassifier,0.8913167086345545,0.8911243260678248,0.8940838466335198,0.8913167086345545,0.09658818244934082,6.760154485702515,0.8831702986131065,0.8833768494342907,0.8861043559298037,0.8833768494342907,25
DecisionTreeClassifier,0.8183738120380147,0.81836421494731,0.8184382622039796,0.8183738120380147,68.74385123252868,0.023302364349365234,0.813260689359167,0.8132637075718016,0.8132844902734415,0.8132637075718016,25
BaggingClassifier,0.868897733734059,0.8688974396284672,0.8689017319607467,0.868897733734059,455.1716390132904,0.1578080177307129,0.864535206201974,0.8645430809399478,0.8646274720748732,0.8645430809399478,25
RandomForestClassifier,0.8923726748436358,0.8922922065338483,0.8935368753159301,0.8923726748436358,95.8815146446228,0.21396942138671876,0.886906498613041,0.8869973890339425,0.8882506678794355,0.8869973890339425,25
ExtraTreesClassifier,0.8948907481114451,0.8947754603439361,0.896614531010189,0.8948907481114451,13.854848766326905,0.2971476078033447,0.890711777435811,0.8908268059181899,0.8924844251021831,0.8908268059181899,25
AdaBoostClassifier,0.8165867922995695,0.816404899849107,0.8178338495207893,0.8165867922995695,160.89090461730956,0.283353328704834,0.8197581738259758,0.8199477806788511,0.8213042726819196,0.8199477806788511,25
GradientBoostingClassifier,0.8541142068069206,0.8538999044724013,0.8561881489477247,0.8541142068069206,829.622186756134,0.061323118209838864,0.8563050763931003,0.8565013054830288,0.8584542214119658,0.8565013054830288,25
