description,test_accuracy,test_f1_score,test_precision,test_recall,fit_time,score_time,train_f1_weighted,train_recall_weighted,train_precision_weighted,train_accuracy,iteration
KNeighborsClassifier,0.8996832101372756,0.8995733913712772,0.9016166913747894,0.8996832101372756,0.09791302680969238,6.728545475006103,0.8823976158979574,0.8825761531766754,0.8848146696834774,0.8825761531766754,17
DecisionTreeClassifier,0.8238973275932093,0.8238837501794775,0.8239622182777477,0.8238973275932093,68.58668713569641,0.023053503036499022,0.8074810058470755,0.807484769364665,0.8075117680220482,0.807484769364665,17
BaggingClassifier,0.8728779140605962,0.8728591694616192,0.873044282470862,0.8728779140605962,445.8173403263092,0.15125527381896972,0.8641473048821918,0.864160139251523,0.8643091657227391,0.864160139251523,17
RandomForestClassifier,0.8983835594184063,0.8983526200972946,0.8989660120537362,0.8983835594184063,94.72446894645691,0.21780166625976563,0.8844092084014428,0.884490861618799,0.8855258865271288,0.884490861618799,17
ExtraTreesClassifier,0.9016326862155796,0.901580696782844,0.9026087946589013,0.9016326862155796,13.785691356658935,0.32352685928344727,0.8899859264174579,0.8900957354221062,0.8915938433514812,0.8900957354221062,17
AdaBoostClassifier,0.8292583868085452,0.829070551439235,0.8308760968389277,0.8292583868085452,160.9972930908203,0.29761571884155275,0.8133364977098143,0.8136118363794604,0.8154117625462243,0.8136118363794604,17
GradientBoostingClassifier,0.8672731703354724,0.867154424153919,0.8687463448714146,0.8672731703354724,830.9526412963867,0.06189274787902832,0.8517316596470019,0.8519408181026981,0.8538467594760304,0.8519408181026981,17
