description,test_accuracy,test_f1_score,test_precision,test_recall,fit_time,score_time,train_f1_weighted,train_recall_weighted,train_precision_weighted,train_accuracy,iteration
KNeighborsClassifier,0.8867679311185119,0.886607919459206,0.8896043676807385,0.8867679311185119,0.10423092842102051,7.09553861618042,0.8867371610988725,0.8869277632724109,0.889294045088182,0.8869277632724109,7
DecisionTreeClassifier,0.8202420599463894,0.8202447285650407,0.8203082826981649,0.8202420599463894,69.32835865020752,0.023850727081298827,0.815970608570834,0.8159791122715404,0.8160224026302643,0.8159791122715404,7
BaggingClassifier,0.8728779140605962,0.8728774527093363,0.87287727933946,0.8728779140605962,471.4039037704468,0.16371622085571289,0.86672782136812,0.8667362924281985,0.8668917475515538,0.8667362924281985,7
RandomForestClassifier,0.8913979368044838,0.8913244221840697,0.8929270803056907,0.8913979368044838,99.98375263214112,0.23900914192199707,0.8872162167682663,0.8873107049608355,0.8884321737349877,0.8873107049608355,7
ExtraTreesClassifier,0.895134432621233,0.895017362150115,0.8974872785905615,0.895134432621233,14.544043254852294,0.33470854759216306,0.8918159849529145,0.8919408181026981,0.8935451651619856,0.8919408181026981,7
AdaBoostClassifier,0.822841361384128,0.8225766332372361,0.8253895374161736,0.822841361384128,169.82313938140868,0.2948151588439941,0.8179478466601378,0.8181723237597911,0.8195379932013885,0.8181723237597911,7
GradientBoostingClassifier,0.8533019251076274,0.8531017854205036,0.8558449041180328,0.8533019251076274,876.1239141464233,0.06320343017578126,0.8548171301882054,0.8550043516100958,0.8566284617375388,0.8550043516100958,7
