description,test_accuracy,test_f1_score,test_precision,test_recall,fit_time,score_time,train_f1_weighted,train_recall_weighted,train_precision_weighted,train_accuracy,iteration
KNeighborsClassifier,0.8897733734058971,0.8896026351900655,0.8926372875925219,0.8897733734058971,0.09853162765502929,6.717662811279297,0.8861018764185282,0.8863011314186249,0.888827041568969,0.8863011314186249,27
DecisionTreeClassifier,0.8221915360246934,0.8221907945727133,0.8222577691892414,0.8221915360246934,63.53988342285156,0.022912216186523438,0.8128773970497978,0.8128807658833768,0.8129189521726413,0.8128807658833768,27
BaggingClassifier,0.8680042238648363,0.8680032727866323,0.8680042575607014,0.8680042238648363,435.48041758537295,0.15104227066040038,0.8650945261077376,0.8651000870322019,0.8651831156240608,0.8651000870322019,27
RandomForestClassifier,0.8899358297457558,0.8898407223192948,0.8916212234920354,0.8899358297457558,95.27327461242676,0.21671667098999023,0.887307530479335,0.8874151436031331,0.8887640770008568,0.8874151436031331,27
ExtraTreesClassifier,0.8948095199415157,0.8946724946728117,0.8972806125341689,0.8948095199415157,13.36803970336914,0.2669051170349121,0.8905216945127356,0.8906527415143601,0.8923841021656184,0.8906527415143601,27
AdaBoostClassifier,0.8200796036065308,0.8198895656826541,0.8217736987100501,0.8200796036065308,161.91959800720215,0.2916353702545166,0.8217807754057642,0.8220017406440384,0.8234630732172015,0.8220017406440384,27
GradientBoostingClassifier,0.8564698237348712,0.8562344024728406,0.8592528917392546,0.8564698237348712,836.5632449626922,0.060747623443603516,0.8536130217416386,0.8538207136640557,0.8556789617151439,0.8538207136640557,27
