description,test_accuracy,test_f1_score,test_precision,test_recall,fit_time,score_time,train_f1_weighted,train_recall_weighted,train_precision_weighted,train_accuracy,iteration
KNeighborsClassifier,0.8883924945170986,0.8882213336553691,0.8912874013296623,0.8883924945170986,0.10027718544006348,6.766118717193604,0.8855769502588124,0.8857789382071367,0.888326331303022,0.8857789382071367,2
DecisionTreeClassifier,0.8225164487044107,0.8225183551806438,0.8225351206754585,0.8225164487044107,68.58125267028808,0.023271608352661132,0.8118265832954809,0.8118363794604004,0.8118853054877228,0.8118363794604004,2
BaggingClassifier,0.8695475590934936,0.8695444464415567,0.8695530850472238,0.8695475590934936,455.51956524848936,0.15125889778137208,0.8658554553574562,0.8658659704090514,0.8660175071725948,0.8658659704090514,2
RandomForestClassifier,0.8914791649744132,0.8913977625196409,0.8930198625344172,0.8914791649744132,95.31710562705993,0.24336376190185546,0.8891652380465087,0.8892602262837249,0.8904649472295312,0.8892602262837249,2
ExtraTreesClassifier,0.898058646738689,0.8979528484395738,0.9001398515849165,0.898058646738689,13.914772367477417,0.3185742855072021,0.8926912753338081,0.8928111401218451,0.8944198948837754,0.8928111401218451,2
AdaBoostClassifier,0.823085045893916,0.822815988696848,0.825522106836173,0.823085045893916,161.8631106376648,0.2915019989013672,0.8180354537806569,0.8183812010443864,0.8206065865472623,0.8183812010443864,2
GradientBoostingClassifier,0.855170173016002,0.8549894828569292,0.8573879499381829,0.855170173016002,837.3581878185272,0.06309094429016113,0.8553961463934419,0.8555961705831157,0.8573940012987048,0.8555961705831157,2
