description,test_accuracy,test_f1_score,test_precision,test_recall,fit_time,score_time,train_f1_weighted,train_recall_weighted,train_precision_weighted,train_accuracy,iteration
KNeighborsClassifier,0.8925351311834945,0.8923593501492338,0.8950867015831709,0.8925351311834945,0.09816174507141114,6.6984786033630375,0.8847331425908829,0.8849086161879895,0.8872814754140936,0.8849086161879895,10
DecisionTreeClassifier,0.8142311753716189,0.8142265469821848,0.8142593236748658,0.8142311753716189,64.98986492156982,0.023103713989257812,0.81371271696765,0.813716275021758,0.8137405419098511,0.813716275021758,10
BaggingClassifier,0.8722280887011615,0.8722272035027892,0.8722404183462307,0.8722280887011615,443.2735986709595,0.15260686874389648,0.8661712618738063,0.8661792863359444,0.8662650650392191,0.8661792863359444,10
RandomForestClassifier,0.8909105677849078,0.8908174680440765,0.8922273728918615,0.8909105677849078,95.38753890991211,0.2102062702178955,0.887645795711709,0.887728459530026,0.8888828677315699,0.887728459530026,10
ExtraTreesClassifier,0.8937535537324344,0.8936210462212101,0.8956996124069235,0.8937535537324344,13.24971604347229,0.2531989574432373,0.8912742913769126,0.8913838120104438,0.8929733247358242,0.8913838120104438,10
AdaBoostClassifier,0.824303468442856,0.8239293304402727,0.8270525437856345,0.824303468442856,161.69393339157105,0.2988269805908203,0.820119781728226,0.8203307223672759,0.821855342645296,0.8203307223672759,10
GradientBoostingClassifier,0.8511899926894647,0.8509610625315097,0.853333944689593,0.8511899926894647,837.7217483043671,0.061929512023925784,0.8554204951845135,0.8555961705831159,0.8573473098844282,0.8555961705831159,10
