description,test_accuracy,test_f1_score,test_precision,test_recall,fit_time,score_time,train_f1_weighted,train_recall_weighted,train_precision_weighted,train_accuracy,iteration
KNeighborsClassifier,0.8886361790268865,0.888469180296385,0.8908515377665386,0.8886361790268865,0.09500136375427246,6.695965433120728,0.8869669263763743,0.8871714534377719,0.8900619076689036,0.8871714534377719,29
DecisionTreeClassifier,0.8204857444561774,0.8204796752475931,0.8205500116613521,0.8204857444561774,69.83033328056335,0.023247671127319337,0.8121124032859101,0.8121148825065273,0.8121289333837742,0.8121148825065273,29
BaggingClassifier,0.8706035253025749,0.8706010083860702,0.8706500672445245,0.8706035253025749,463.1127000331879,0.15726284980773925,0.8684357695209277,0.8684421235857268,0.8685047504155442,0.8684421235857268,29
RandomForestClassifier,0.8913167086345545,0.8912646936509855,0.8919969521211915,0.8913167086345545,94.86105103492737,0.20521435737609864,0.8891072449536839,0.8891906005221932,0.8904034956820827,0.8891906005221932,29
ExtraTreesClassifier,0.8948095199415157,0.8947232964970635,0.8960142128631232,0.8948095199415157,13.38190016746521,0.2500784873962402,0.8929520682329743,0.8930548302872061,0.8945976206753601,0.8930548302872061,29
AdaBoostClassifier,0.8195110064170255,0.8193688900489867,0.8204363270974003,0.8195110064170255,161.63533549308778,0.297760009765625,0.8172939109615239,0.8174760661444734,0.8187797583572645,0.8174760661444734,29
GradientBoostingClassifier,0.8545203476565673,0.8543537612300937,0.8560441452410114,0.8545203476565673,837.9059602737427,0.061241865158081055,0.852156657066865,0.8523585726718886,0.8543428064783439,0.8523585726718886,29
