description,test_accuracy,test_f1_score,test_precision,test_recall,fit_time,score_time,train_f1_weighted,train_recall_weighted,train_precision_weighted,train_accuracy,iteration
KNeighborsClassifier,0.8896109170660385,0.8894396790426596,0.8920225729739454,0.8896109170660385,0.09927058219909668,6.777162218093872,0.8848671939171957,0.8850826805918188,0.8880029532990988,0.8850826805918188,28
DecisionTreeClassifier,0.8169117049792868,0.8169116928990905,0.8169117239388739,0.8169117049792868,65.9401762008667,0.023260164260864257,0.8128082077236274,0.8128111401218451,0.8128304920032147,0.8128111401218451,28
BaggingClassifier,0.8680042238648363,0.8679933975868634,0.868128872754168,0.8680042238648363,435.0858592510223,0.1587437629699707,0.8667953774847803,0.8668059181897302,0.8669178463196101,0.8668059181897302,28
RandomForestClassifier,0.8910730241247665,0.8909915841221815,0.8922333464019135,0.8910730241247665,94.24332575798034,0.24801368713378907,0.8893618321463247,0.8894342906875545,0.8904586897476158,0.8894342906875545,28
ExtraTreesClassifier,0.8947282917715864,0.8946173197572694,0.8963838107993877,0.8947282917715864,13.318492460250855,0.301092529296875,0.8914183695990612,0.8915230635335074,0.8930362791087425,0.8915230635335074,28
AdaBoostClassifier,0.8170741613191455,0.8168385980855507,0.818699427462114,0.8170741613191455,161.8222200870514,0.29272122383117677,0.8206275257415079,0.820852915578764,0.8224894882381409,0.820852915578764,28
GradientBoostingClassifier,0.8557387702055073,0.8555596772387376,0.8574971771150862,0.8557387702055073,835.2934799671173,0.061661291122436526,0.8540398506368427,0.8542384682332462,0.8561852663851193,0.8542384682332462,28
