description,test_accuracy,test_f1_score,test_precision,test_recall,fit_time,score_time,train_f1_weighted,train_recall_weighted,train_precision_weighted,train_accuracy,iteration
KNeighborsClassifier,0.8932661847128585,0.8930620218269281,0.8951145425383232,0.8932661847128585,0.10053062438964844,7.015546798706055,0.8818420532690283,0.8820191470844213,0.8848737541714311,0.8820191470844213,6
DecisionTreeClassifier,0.810332223215011,0.8103468570605831,0.8104282257615455,0.810332223215011,71.85916085243225,0.024052143096923828,0.8097397053160951,0.8097476066144473,0.8097783215039941,0.8097476066144473,6
BaggingClassifier,0.8658110632767444,0.8658216458278456,0.8660691481475167,0.8658110632767444,483.69007778167725,0.15589523315429688,0.8657391099213768,0.8657615317667536,0.8658893411296755,0.8657615317667536,6
RandomForestClassifier,0.8927788156932824,0.892681540509279,0.8934718144777092,0.8927788156932824,99.12057571411133,0.20399680137634277,0.887159245636604,0.8872062663185378,0.8881838207765748,0.8872062663185378,6
ExtraTreesClassifier,0.8976525058890423,0.8975317083752548,0.8986599721453659,0.8976525058890423,13.752815008163452,0.24413981437683105,0.890087438597012,0.8901653611836379,0.891692865067537,0.8901653611836379,6
AdaBoostClassifier,0.8214604824953293,0.8212285949005903,0.8222850241642704,0.8214604824953293,169.1614959716797,0.3009335517883301,0.822007152441517,0.822106179286336,0.8231819939456144,0.822106179286336,6
GradientBoostingClassifier,0.8554138575257899,0.8551989150075299,0.8565711858253056,0.8554138575257899,873.6874382019043,0.06226258277893067,0.8538246876191252,0.8539599651871193,0.855740122842256,0.8539599651871193,6
