description,test_accuracy,test_f1_score,test_precision,test_recall,fit_time,score_time,train_f1_weighted,train_recall_weighted,train_precision_weighted,train_accuracy,iteration
KNeighborsClassifier,0.8894484607261799,0.8893048589960866,0.8932547414815641,0.8894484607261799,0.09743986129760743,6.735411930084228,0.883573668498826,0.8838294168842472,0.8865377526672615,0.8838294168842472,12
DecisionTreeClassifier,0.8175615303387215,0.817581049532798,0.8177942847323034,0.8175615303387215,69.49781889915467,0.023235034942626954,0.8142708985220226,0.8142732811140121,0.8143168460208774,0.8142732811140121,12
BaggingClassifier,0.8690601900739177,0.8690676222496835,0.8690934056361844,0.8690601900739177,455.6997444629669,0.15783395767211914,0.8654480965891939,0.8654482158398608,0.8655069912655193,0.8654482158398608,12
RandomForestClassifier,0.8890423198765331,0.8890029982815907,0.8907696356852217,0.8890423198765331,95.66158666610718,0.21237478256225586,0.887085993096728,0.8872062663185378,0.888403017005335,0.8872062663185378,12
ExtraTreesClassifier,0.8935098692226464,0.8934459136010207,0.8958295451531683,0.8935098692226464,13.455707359313966,0.25747294425964357,0.8910555667245863,0.8912097476066144,0.8928803436854036,0.8912097476066144,12
AdaBoostClassifier,0.8176427585086508,0.8175236019647313,0.8197640706811686,0.8176427585086508,161.98951630592347,0.288270902633667,0.8203376484067656,0.8206440382941688,0.8223052128586303,0.8206440382941688,12
GradientBoostingClassifier,0.8515961335391113,0.8514840504219638,0.8540677402620656,0.8515961335391113,836.8372480869293,0.06418452262878419,0.8551753172745722,0.8554221061792864,0.8572937569171222,0.8554221061792864,12
