description,test_accuracy,test_f1_score,test_precision,test_recall,fit_time,score_time,train_f1_weighted,train_recall_weighted,train_precision_weighted,train_accuracy,iteration
KNeighborsClassifier,0.9383478190236374,0.9383233211295126,0.9389953849398176,0.9383478190236374,0.09452271461486816,6.68285756111145,0.9316065491886526,0.931627502175805,0.9321752090836994,0.931627502175805,24
DecisionTreeClassifier,0.8431484038664608,0.843100401301296,0.843529644874191,0.8431484038664608,68.9984118938446,0.023186540603637694,0.8374208666605201,0.8374238468233246,0.8374519787246172,0.8374238468233246,24
BaggingClassifier,0.9022012834050849,0.9021800689458186,0.9025889876337512,0.9022012834050849,426.1827299594879,0.1272965908050537,0.8971908784112511,0.8972323759791123,0.8978519496646464,0.8972323759791123,24
RandomForestClassifier,0.9377792218341321,0.9377791873492037,0.9377793508644301,0.9377792218341321,85.25625605583191,0.19802546501159668,0.9356632694940978,0.9356657963446476,0.935728162805656,0.9356657963446476,24
ExtraTreesClassifier,0.93924132889286,0.9392407323697287,0.9392686933510954,0.93924132889286,12.623019981384278,0.2348752498626709,0.9375048239187537,0.9375108790252392,0.9376702486688601,0.9375108790252392,24
AdaBoostClassifier,0.8658922914466737,0.8658801377157482,0.8660037835214617,0.8658922914466737,166.21794295310974,0.2884356021881104,0.8641554830495617,0.864160139251523,0.864210858456406,0.864160139251523,24
GradientBoostingClassifier,0.914223052554626,0.9142166736554476,0.9143261905125408,0.914223052554626,833.0735543727875,0.0655167579650879,0.9122340526409871,0.9122367275892079,0.912288593146563,0.9122367275892079,24
