description,test_accuracy,test_f1_score,test_precision,test_recall,fit_time,score_time,train_f1_weighted,train_recall_weighted,train_precision_weighted,train_accuracy,iteration
KNeighborsClassifier,0.9376979936642027,0.937679184894597,0.9381028947240069,0.9376979936642027,0.09596924781799317,6.733432579040527,0.9315051183374102,0.9315230635335073,0.9320353762525553,0.9315230635335073,13
DecisionTreeClassifier,0.840467874258793,0.8404683605582802,0.8404884112294543,0.840467874258793,65.53082737922668,0.023329496383666992,0.836512095154459,0.8365187119234117,0.8365893145841001,0.8365187119234117,13
BaggingClassifier,0.9065063764113395,0.9064853498488444,0.9070075073874224,0.9065063764113395,406.93775978088377,0.15525665283203124,0.9001784684285697,0.9002262837249783,0.9009336049410356,0.9002262837249783,13
RandomForestClassifier,0.9355860612460402,0.9355859107945274,0.9356287380382626,0.9355860612460402,81.72125244140625,0.22599716186523439,0.9339216051970262,0.9339251523063534,0.9339998331891938,0.9339251523063534,13
ExtraTreesClassifier,0.9389976443830721,0.9389940218087246,0.9391840572497857,0.9389976443830721,12.691493129730224,0.23284320831298827,0.9367033404422844,0.9367101827676241,0.936865856119453,0.9367101827676241,13
AdaBoostClassifier,0.8621557956299245,0.8621551553258803,0.8621558916812165,0.8621557956299245,130.8096612930298,0.3082768440246582,0.8638045738653999,0.8638120104438641,0.8639083939976192,0.8638120104438641,13
GradientBoostingClassifier,0.9102428722280888,0.910243062925246,0.9102438421948856,0.9102428722280888,734.0320898532867,0.06630449295043946,0.9094496324229029,0.9094516971279374,0.9094981846143799,0.9094516971279374,13
