description,test_accuracy,test_f1_score,test_precision,test_recall,fit_time,score_time,train_f1_weighted,train_recall_weighted,train_precision_weighted,train_accuracy,iteration
KNeighborsClassifier,0.9303874583705629,0.9303739017177649,0.9309389333014386,0.9303874583705629,0.0987166404724121,6.747365093231201,0.9281895526591875,0.9282158398607485,0.9287552575672761,0.9282158398607485,2
DecisionTreeClassifier,0.8483470067419381,0.8483456759304946,0.848445386026858,0.8483470067419381,71.60450811386109,0.023027324676513673,0.8381437343607464,0.838154917319408,0.8382187440586402,0.838154917319408,2
BaggingClassifier,0.9030947932743075,0.9030560188116818,0.9035385746163658,0.9030947932743075,462.8147510528564,0.1571408748626709,0.8974091320594809,0.8974412532637077,0.8980299504856959,0.8974412532637077,2
RandomForestClassifier,0.9360734302656161,0.9360692472062649,0.9361205298878593,0.9360734302656161,88.63998799324035,0.2121431827545166,0.9331534587972712,0.933159268929504,0.9333545159983192,0.933159268929504,2
ExtraTreesClassifier,0.9376167654942734,0.9376062995790894,0.9377862049589174,0.9376167654942734,12.624998521804809,0.22869739532470704,0.9324171962818208,0.9324281984334204,0.9327692311673876,0.9324281984334204,2
AdaBoostClassifier,0.8591503533425392,0.8591483627158185,0.8592643375266921,0.8591503533425392,165.73189015388488,0.2957804203033447,0.8611978432363125,0.8612010443864231,0.861231466638001,0.8612010443864231,2
GradientBoostingClassifier,0.9073998862805621,0.9074008443076657,0.9074140637864941,0.9073998862805621,836.7853193759918,0.06623454093933105,0.9098319362756915,0.909834638816362,0.9098885631481298,0.909834638816362,2
