description,test_accuracy,test_f1_score,test_precision,test_recall,fit_time,score_time,train_f1_weighted,train_recall_weighted,train_precision_weighted,train_accuracy,iteration
KNeighborsClassifier,0.9296564048411989,0.9296437510207649,0.9299222371475395,0.9296564048411989,0.095941162109375,6.71891942024231,0.930078817886467,0.9300957354221062,0.9305316904008043,0.9300957354221062,29
DecisionTreeClassifier,0.8501340264803834,0.8501341016305617,0.8501382266275979,0.8501340264803834,71.34492449760437,0.02292943000793457,0.8407930361224754,0.8408006962576152,0.8408730429096207,0.8408006962576152,29
BaggingClassifier,0.9036633904638128,0.9036105428186805,0.9046331081581541,0.9036633904638128,448.841231918335,0.15108275413513184,0.8991006233754906,0.8991470844212358,0.8998447526724679,0.8991470844212358,29
RandomForestClassifier,0.9355860612460402,0.9355778458773047,0.9358512701617173,0.9355860612460402,88.27460050582886,0.1912520408630371,0.9326324835829174,0.9326370757180158,0.9327475042936527,0.9326370757180158,29
ExtraTreesClassifier,0.9359109739257575,0.9358974026541862,0.9363347484710726,0.9359109739257575,12.475204515457154,0.22501444816589355,0.9335304024458632,0.9335422106179287,0.9338320673140605,0.9335422106179287,29
AdaBoostClassifier,0.8598001787019739,0.8598002823065554,0.8598032904759244,0.8598001787019739,165.354603099823,0.29951987266540525,0.8605673905146143,0.8605744125326371,0.8606494186879017,0.8605744125326371,29
GradientBoostingClassifier,0.911542522946958,0.9115409295808045,0.9115901612918931,0.911542522946958,837.5137404441833,0.06563115119934082,0.9084053194011996,0.9084073107049608,0.908438485220103,0.9084073107049608,29
