description,test_accuracy,test_f1_score,test_precision,test_recall,fit_time,score_time,train_f1_weighted,train_recall_weighted,train_precision_weighted,train_accuracy,iteration
KNeighborsClassifier,0.8938347819023638,0.8936668467788146,0.896153038849751,0.8938347819023638,0.09480795860290528,6.639713287353516,0.884118201436831,0.8843167972149695,0.8870365257454953,0.8843167972149695,11
DecisionTreeClassifier,0.805702217529039,0.8056880245959185,0.8057599715645513,0.805702217529039,53.852772092819215,0.023205375671386717,0.7965692681796516,0.7965883376849434,0.7967110598916903,0.7965883376849434,11
BaggingClassifier,0.8775891479164974,0.8775402749778355,0.8782935908361545,0.8775891479164974,357.48332743644715,0.13954391479492187,0.8691335846709867,0.8692428198433421,0.8704323637660559,0.8692428198433421,11
RandomForestClassifier,0.9086183088295021,0.9086181942702243,0.9086183794678795,0.9086183088295021,80.2484682559967,0.21443424224853516,0.9020322275816509,0.9020365535248042,0.9021111410127929,0.9020365535248042,11
ExtraTreesClassifier,0.9146291934042726,0.9146290356847918,0.914629469376956,0.9146291934042726,13.259007263183594,0.2795428276062012,0.9060701500667637,0.9060748476936468,0.9061558873183703,0.9060748476936468,11
AdaBoostClassifier,0.8138250345219722,0.8138153074321802,0.8138643985114614,0.8138250345219722,164.2830997467041,0.31046462059020996,0.8097973761605581,0.809817232375979,0.8099577661199084,0.809817232375979,11
GradientBoostingClassifier,0.8753959873284055,0.8753486377833238,0.8758816916921681,0.8753959873284055,828.3278766155242,0.06397671699523926,0.8719607728994584,0.8719930374238469,0.8723861170059951,0.8719930374238469,11
