description,test_accuracy,test_f1_score,test_precision,test_recall,fit_time,score_time,train_f1_weighted,train_recall_weighted,train_precision_weighted,train_accuracy,iteration
KNeighborsClassifier,0.9398911542522947,0.9398685168219482,0.9404580184929312,0.9398911542522947,0.0944122314453125,6.68964900970459,0.9303842935814615,0.9304090513489991,0.9310522254000185,0.9304090513489991,16
DecisionTreeClassifier,0.8416862968077329,0.8416815711508037,0.841760923442927,0.8416862968077329,61.26426029205322,0.023162460327148436,0.8370388164150018,0.8370409051349,0.8370617698006132,0.8370409051349,16
BaggingClassifier,0.9070749736008448,0.9070414352843479,0.9077690546531659,0.9070749736008448,383.5405792713165,0.14342331886291504,0.8987244934334548,0.8987641427328112,0.8993379430875528,0.8987641427328112,16
RandomForestClassifier,0.9385915035334254,0.9385905108485703,0.938650212295876,0.9385915035334254,81.20201587677002,0.21814384460449218,0.9337496367821349,0.933751087902524,0.9337814249158853,0.933751087902524,16
ExtraTreesClassifier,0.9415157176508814,0.9415116217138146,0.9416924999820127,0.9415157176508814,12.827964591979981,0.24990062713623046,0.9368090759238564,0.9368146214099216,0.9369491697354008,0.9368146214099216,16
AdaBoostClassifier,0.8650800097473804,0.865080244762182,0.8650818610676184,0.8650800097473804,130.6057665348053,0.3005641460418701,0.8644306952817071,0.8644386422976502,0.8645358874424323,0.8644386422976502,16
GradientBoostingClassifier,0.9125984891560394,0.912597672563316,0.912603792831771,0.9125984891560394,731.949697637558,0.06786770820617676,0.9103560623128578,0.9103568320278503,0.9103732029094951,0.9103568320278503,16
