description,test_accuracy,test_f1_score,test_precision,test_recall,fit_time,score_time,train_f1_weighted,train_recall_weighted,train_precision_weighted,train_accuracy,iteration
KNeighborsClassifier,0.9366420274551215,0.9366323804421037,0.9369635242031812,0.9366420274551215,0.09629569053649903,6.652735424041748,0.9270065828525105,0.9270322019147084,0.9275944654852044,0.9270322019147084,18
DecisionTreeClassifier,0.8467224433433514,0.8467220691518524,0.8467369915243071,0.8467224433433514,68.44757866859436,0.022992515563964845,0.8365849902616096,0.8365883376849433,0.8366107175247732,0.8365883376849433,18
BaggingClassifier,0.9019575988952969,0.9019215201623224,0.9024781270894067,0.9019575988952969,460.1266155719757,0.1496884346008301,0.8985199782408703,0.898555265448216,0.89913821029368,0.898555265448216,18
RandomForestClassifier,0.9381041345138494,0.9380955617969666,0.9383027990157065,0.9381041345138494,87.82037286758423,0.19398770332336426,0.9301577261381041,0.930165361183638,0.9303708404681931,0.930165361183638,18
ExtraTreesClassifier,0.9373730809844855,0.9373555303393375,0.9377992258887088,0.9373730809844855,12.534541130065918,0.22313532829284669,0.9324521944567408,0.9324630113141863,0.9327619356068689,0.9324630113141863,18
AdaBoostClassifier,0.8649175534075217,0.8649157886389479,0.8649264537407538,0.8649175534075217,165.43898482322692,0.29702053070068357,0.8602603109395751,0.860261096605744,0.860272028017025,0.860261096605744,18
GradientBoostingClassifier,0.910324100398018,0.9103202778983251,0.9103720108166385,0.910324100398018,834.6514484882355,0.06591095924377441,0.9100075427670393,0.9100087032201915,0.9100337087988631,0.9100087032201915,18
