description,test_accuracy,test_f1_score,test_precision,test_recall,fit_time,score_time,train_f1_weighted,train_recall_weighted,train_precision_weighted,train_accuracy,iteration
KNeighborsClassifier,0.9359109739257575,0.9358944885093372,0.936387445559692,0.9359109739257575,0.09723958969116211,6.652197980880738,0.9326558092909684,0.9326718885987816,0.9330711303662893,0.9326718885987816,1
DecisionTreeClassifier,0.8451791081146942,0.8451595418589432,0.8453713463053074,0.8451791081146942,67.38373503684997,0.022885465621948244,0.8384275827099097,0.8384334203655353,0.8384786304601644,0.8384334203655353,1
BaggingClassifier,0.9021200552351556,0.9020706749735325,0.902897185935383,0.9021200552351556,419.9939794540405,0.15166783332824707,0.8979045145678237,0.8979634464751957,0.8989115187989306,0.8979634464751957,1
RandomForestClassifier,0.9372106246446268,0.937206778984693,0.9373053720802008,0.9372106246446268,85.56007714271546,0.21563301086425782,0.9353132200514793,0.9353176675369888,0.9354432101310721,0.9353176675369888,1
ExtraTreesClassifier,0.940703435951588,0.9406976715955655,0.9408590058314056,0.940703435951588,13.029254388809203,0.2921627998352051,0.9364591512465461,0.9364664926022629,0.9366763807371274,0.9364664926022629,1
AdaBoostClassifier,0.8689789619039883,0.8689789619039883,0.8689803494209866,0.8689789619039883,164.74750156402587,0.29887971878051756,0.8633573156641047,0.8633594429939077,0.8633823069065644,0.8633594429939077,1
GradientBoostingClassifier,0.9138981398749086,0.9138980205732642,0.913899107261283,0.9138981398749086,830.6030411720276,0.06801257133483887,0.9124782941342607,0.9124804177545691,0.9125209908070951,0.9124804177545691,1
