description,test_accuracy,test_f1_score,test_precision,test_recall,fit_time,score_time,train_f1_weighted,train_recall_weighted,train_precision_weighted,train_accuracy,iteration
KNeighborsClassifier,0.9339614978474535,0.9339435664742118,0.9343570572965705,0.9339614978474535,0.09625830650329589,6.75227370262146,0.9320274096794826,0.9320452567449957,0.932532617213659,0.9320452567449957,11
DecisionTreeClassifier,0.8433108602063195,0.8432996336974721,0.8433765764088619,0.8433108602063195,65.52895097732544,0.02316575050354004,0.8383929522428042,0.8383986074847692,0.8384560791657986,0.8383986074847692,11
BaggingClassifier,0.9050442693526115,0.9050044807739527,0.9058302508502308,0.9050442693526115,406.99878945350645,0.15606255531311036,0.8970766230765076,0.8971279373368146,0.8978879894143363,0.8971279373368146,11
RandomForestClassifier,0.9396474697425067,0.9396463069659798,0.9397112271462083,0.9396474697425067,84.87561621665955,0.20260882377624512,0.9334332414859743,0.9334377719756309,0.9335437009069079,0.9334377719756309,11
ExtraTreesClassifier,0.940947120461376,0.9409413792005125,0.94117563365827,0.940947120461376,12.618343877792359,0.23730101585388183,0.9354853330286451,0.935491731940818,0.9356498669990467,0.935491731940818,11
AdaBoostClassifier,0.8700349281130696,0.8700341409039383,0.8700370736358286,0.8700349281130696,164.63858604431152,0.29556827545166015,0.8632504645449913,0.8632550043516101,0.8633047164587172,0.8632550043516101,11
GradientBoostingClassifier,0.9157663877832832,0.9157664055681933,0.9157664354376472,0.9157663877832832,827.543986082077,0.06766276359558106,0.9115749303502593,0.9115752828546562,0.9115831547922932,0.9115752828546562,11
