description,test_accuracy,test_f1_score,test_precision,test_recall,fit_time,score_time,train_f1_weighted,train_recall_weighted,train_precision_weighted,train_accuracy,iteration
KNeighborsClassifier,0.9368857119649094,0.9368704037428148,0.9372340672927766,0.9368857119649094,0.09548745155334473,6.654064083099366,0.9280906704846126,0.9281114012184508,0.9286396666050237,0.9281114012184508,16
DecisionTreeClassifier,0.8516773617090407,0.8516714758322711,0.8517087977273308,0.8516773617090407,66.94575023651123,0.02303476333618164,0.8437550026587208,0.8437597911227153,0.8438135945782419,0.8437597911227153,16
BaggingClassifier,0.9044756721631062,0.9044473974147247,0.9050512101381112,0.9044756721631062,451.07430663108823,0.14059991836547853,0.8979022575371687,0.8979634464751959,0.8988688929159695,0.8979634464751959,16
RandomForestClassifier,0.9382665908537081,0.9382586742455278,0.9385600012299901,0.9382665908537081,87.2833456993103,0.21522207260131837,0.9335302419159625,0.9335422106179285,0.933825551663908,0.9335422106179285,16
ExtraTreesClassifier,0.9393225570627893,0.9393100640103066,0.9397692790479898,0.9393225570627893,12.490039014816285,0.23384547233581543,0.9338051189655026,0.9338207136640557,0.9341969385541045,0.9338207136640557,16
AdaBoostClassifier,0.8623994801397125,0.862399616323291,0.8624099947755716,0.8623994801397125,164.8730495929718,0.3005084037780762,0.85983786151632,0.8598433420365534,0.8598909498708072,0.8598433420365534,16
GradientBoostingClassifier,0.9113800666070994,0.9113799753914403,0.9113981768549996,0.9113800666070994,832.2496141433716,0.06642379760742187,0.9107015794306512,0.9107049608355091,0.9107542920234589,0.9107049608355091,16
