description,test_accuracy,test_f1_score,test_precision,test_recall,fit_time,score_time,train_f1_weighted,train_recall_weighted,train_precision_weighted,train_accuracy,iteration
KNeighborsClassifier,0.8944846072617983,0.8943619735599024,0.8963804561573653,0.8944846072617983,0.09760460853576661,6.6631865978240965,0.8833838910914968,0.883585726718886,0.8862297527035017,0.883585726718886,9
DecisionTreeClassifier,0.811063276744375,0.8110619154353828,0.8110689453295794,0.811063276744375,63.423621559143065,0.023145341873168947,0.8128422041465331,0.8128459530026111,0.8128704710095832,0.8128459530026111,9
BaggingClassifier,0.8762894971976282,0.8762117875744625,0.8771980986429644,0.8762894971976282,382.3163538455963,0.15742435455322265,0.8712377292549804,0.8712967798085292,0.8719845495064273,0.8712967798085292,9
RandomForestClassifier,0.9048818130127528,0.9048810410708936,0.9049003423210267,0.9048818130127528,82.79638061523437,0.21095714569091797,0.8975079259073402,0.8975108790252392,0.8975543374138866,0.8975108790252392,9
ExtraTreesClassifier,0.9069125172609861,0.9069110910882251,0.9069445645950985,0.9069125172609861,12.99703311920166,0.2400648593902588,0.9014679642850334,0.9014795474325501,0.9016579985545006,0.9014795474325501,9
AdaBoostClassifier,0.8176427585086508,0.8176318208731667,0.8177309707505256,0.8176427585086508,164.66984143257142,0.3003793716430664,0.8226082219910378,0.8226283724978242,0.8227654764186259,0.8226283724978242,9
GradientBoostingClassifier,0.8714970351717976,0.8714847485421303,0.871655103426846,0.8714970351717976,832.5201838493347,0.06572017669677735,0.8706380029876873,0.8706701479547432,0.8710277482463388,0.8706701479547432,9
