description,test_accuracy,test_f1_score,test_precision,test_recall,fit_time,score_time,train_f1_weighted,train_recall_weighted,train_precision_weighted,train_accuracy,iteration
KNeighborsClassifier,0.8913979368044838,0.8912291893049461,0.8946005938903108,0.8913979368044838,0.09488430023193359,6.7904260635375975,0.8871699709207379,0.8873455178416014,0.8894891422464342,0.8873455178416014,8
DecisionTreeClassifier,0.8107383640646576,0.810737602326285,0.8108960942753514,0.8107383640646576,54.79689211845398,0.023261594772338866,0.7960837068498241,0.796100957354221,0.7961684649281247,0.796100957354221,8
BaggingClassifier,0.8749898464787589,0.8748963783018232,0.8757301250677658,0.8749898464787589,354.9271330356598,0.15811333656311036,0.8693627418202411,0.8694516971279374,0.8706389775053186,0.8694516971279374,8
RandomForestClassifier,0.9101616440581594,0.9101632243526712,0.9102536362797408,0.9101616440581594,80.33454537391663,0.22099061012268068,0.9031811678647672,0.9031853785900783,0.9032329574612092,0.9031853785900783,8
ExtraTreesClassifier,0.9106490130777354,0.9106510057757969,0.9106854922437277,0.9106490130777354,13.424814987182618,0.28814406394958497,0.9061069751287413,0.9061096605744126,0.9061459517185189,0.9061096605744126,8
AdaBoostClassifier,0.8080578344569896,0.8080425379864294,0.8083844744621687,0.8080578344569896,164.05866322517394,0.3080024719238281,0.8119698915896162,0.8119756309834638,0.8120036690463694,0.8119756309834638,8
GradientBoostingClassifier,0.8712533506620096,0.8711968126372184,0.8723417954974383,0.8712533506620096,828.3983839035034,0.0680201530456543,0.8725220030686585,0.8725848563968668,0.8731734060377603,0.8725848563968668,8
