description,test_accuracy,test_f1_score,test_precision,test_recall,fit_time,score_time,train_f1_weighted,train_recall_weighted,train_precision_weighted,train_accuracy,iteration
KNeighborsClassifier,0.8921289903338477,0.8919794783147114,0.8938383660887972,0.8921289903338477,0.10080986022949219,6.938112115859985,0.8866826887257983,0.886892950391645,0.8900367613860652,0.886892950391645,23
DecisionTreeClassifier,0.8161806514499228,0.8161789169460607,0.8161790027429341,0.8161806514499228,65.05834918022155,0.024066734313964843,0.8054875008811532,0.8055004351610094,0.8056218684385603,0.8055004351610094,23
BaggingClassifier,0.8762894971976282,0.8762401844267647,0.8772262419142359,0.8762894971976282,387.4504194736481,0.16457839012145997,0.871995103514289,0.8720626631853786,0.872726701150971,0.8720626631853786,23
RandomForestClassifier,0.9048818130127528,0.9048831912149902,0.9049290014859621,0.9048818130127528,86.0066132068634,0.23402185440063478,0.8964606063681447,0.8964664926022629,0.8965969615017915,0.8964664926022629,23
ExtraTreesClassifier,0.9070749736008448,0.9070747258833797,0.9070746696937872,0.9070749736008448,14.161781692504883,0.33258624076843263,0.9018572497781175,0.9018624891209747,0.9019949597102646,0.9018624891209747,23
AdaBoostClassifier,0.8200796036065308,0.8200424098752443,0.8202025790796078,0.8200796036065308,172.90491061210633,0.3103924751281738,0.8178490127836945,0.8178938207136641,0.8182812912057569,0.8178938207136641,23
GradientBoostingClassifier,0.8702786126228577,0.8702604540158524,0.8703689749451264,0.8702786126228577,871.182105922699,0.0661848545074463,0.8714815993485763,0.8715056570931244,0.8718708585089281,0.8715056570931244,23
