description,test_accuracy,test_f1_score,test_precision,test_recall,fit_time,score_time,train_f1_weighted,train_recall_weighted,train_precision_weighted,train_accuracy,iteration
KNeighborsClassifier,0.9344488668670294,0.9344354866144301,0.9349611721588752,0.9344488668670294,0.09320521354675293,6.689256238937378,0.9321245370280318,0.9321496953872932,0.9327145140867394,0.9321496953872932,21
DecisionTreeClassifier,0.8478596377223622,0.8478552951271092,0.8479696654432753,0.8478596377223622,69.18913388252258,0.02286977767944336,0.8417013232755597,0.8417058311575282,0.841746942964677,0.8417058311575282,21
BaggingClassifier,0.9001705791568516,0.9001470290986486,0.9004316542786415,0.9001705791568516,414.3851731300354,0.13783044815063478,0.8965555811461063,0.8966057441253265,0.8974506729351808,0.8966057441253265,21
RandomForestClassifier,0.9361546584355455,0.9361518981394684,0.9361878855611705,0.9361546584355455,85.46370720863342,0.19166011810302735,0.9361171279956008,0.9361183637946041,0.9361719383966796,0.9361183637946041,21
ExtraTreesClassifier,0.9375355373243441,0.9375300344184024,0.9376225625622185,0.9375355373243441,12.528372049331665,0.22457737922668458,0.9369831944521734,0.936988685813751,0.9371794414351735,0.936988685813751,21
AdaBoostClassifier,0.8645926407278044,0.8645934072844986,0.8646115272524983,0.8645926407278044,165.48475728034973,0.29654722213745116,0.8670841963548295,0.8670844212358573,0.8670869380341276,0.8670844212358573,21
GradientBoostingClassifier,0.912029891966534,0.9120300835078673,0.9120666820359786,0.912029891966534,833.5984322547913,0.06564950942993164,0.9132451392472302,0.9132463011314187,0.9132652258363227,0.9132463011314187,21
