description,test_accuracy,test_f1_score,test_precision,test_recall,fit_time,score_time,train_f1_weighted,train_recall_weighted,train_precision_weighted,train_accuracy,iteration
KNeighborsClassifier,0.9348550077166762,0.9348412460028227,0.9353823930210907,0.9348550077166762,0.09645137786865235,6.6741760730743405,0.932291993893301,0.9323237597911227,0.9330518300324828,0.9323237597911227,21
DecisionTreeClassifier,0.8459101616440582,0.8459109729698513,0.845915814015617,0.8459101616440582,61.1788049697876,0.02321019172668457,0.8313942709862918,0.8314012184508268,0.8314456158330742,0.8314012184508268,21
BaggingClassifier,0.9075623426204208,0.9075114053098473,0.908271709723664,0.9075623426204208,391.80015778541565,0.14337544441223143,0.899215021599872,0.8992515230635336,0.8998997800832951,0.8992515230635336,21
RandomForestClassifier,0.9357485175858988,0.9357469803100289,0.9357623495323562,0.9357485175858988,81.60236172676086,0.21865625381469728,0.9354562226875472,0.9354569190600521,0.9354917999103518,0.9354569190600521,21
ExtraTreesClassifier,0.9400536105921533,0.9400487924023175,0.9401315320265905,0.9400536105921533,12.693410921096802,0.2309823989868164,0.9353481436962217,0.9353524804177547,0.9355013953501775,0.9353524804177547,21
AdaBoostClassifier,0.8641864998781578,0.8641847686077048,0.8642635086052061,0.8641864998781578,131.08714933395385,0.30317234992980957,0.8656508997276984,0.8656570931244559,0.8657117894421473,0.8656570931244559,21
GradientBoostingClassifier,0.9099179595483714,0.909918095063083,0.9099572430422718,0.9099179595483714,735.6914522171021,0.0679715633392334,0.9129658351137871,0.9129677980852916,0.9129938673665722,0.9129677980852916,21
