description,test_accuracy,test_f1_score,test_precision,test_recall,fit_time,score_time,train_f1_weighted,train_recall_weighted,train_precision_weighted,train_accuracy,iteration
KNeighborsClassifier,0.9134107708553326,0.9133851706770968,0.9141504188237032,0.9134107708553326,0.5926379203796387,26.523422479629517,0.9051326277579704,0.9051697127937336,0.9057120499625453,0.9051697127937336,2
DecisionTreeClassifier,0.7931118511899927,0.79311380322196,0.7931474148682253,0.7931118511899927,220.81501512527467,0.05621786117553711,0.78033734275859,0.7803655352480419,0.7804678103547522,0.7803655352480419,2
BaggingClassifier,0.8572821054341646,0.8571145240059247,0.8586131710406391,0.8572821054341646,1394.9062985420228,0.5261848926544189,0.8492492101216678,0.8494342906875543,0.8513169693826047,0.8494342906875543,2
RandomForestClassifier,0.9043944439931768,0.9043943922647122,0.9043943524710946,0.9043944439931768,163.90645394325256,0.30495438575744627,0.8975414694690768,0.8975456919060052,0.8976388057926453,0.8975456919060052,2
ExtraTreesClassifier,0.9082121679798554,0.9082075211065773,0.9082404666596998,0.9082121679798554,27.72322611808777,0.38315591812133787,0.8975729661672375,0.8975805047867711,0.8977418963935909,0.8975805047867711,2
AdaBoostClassifier,0.8002599301437738,0.8002608658449386,0.8003150371432189,0.8002599301437738,657.2682634830475,1.070851707458496,0.8047470290134793,0.8047693646649261,0.8048696995156256,0.8047693646649261,2
GradientBoostingClassifier,0.8721468605312322,0.872143931613291,0.8722853887782749,0.8721468605312322,3320.9306512355806,0.19486379623413086,0.8688701151620257,0.8688946910356833,0.8691176475997947,0.8688946910356833,2
