description,test_accuracy,test_f1_score,test_precision,test_recall,fit_time,score_time,train_f1_weighted,train_recall_weighted,train_precision_weighted,train_accuracy,iteration
KNeighborsClassifier,0.9373730809844855,0.9373505057916122,0.9379005002285948,0.9373730809844855,0.09688959121704102,6.690271377563477,0.9305649243330925,0.9305831157528285,0.9310693699007209,0.9305831157528285,3
DecisionTreeClassifier,0.8410364714482983,0.8410367063909057,0.8410374851533504,0.8410364714482983,65.57146029472351,0.023067522048950195,0.8384315346563678,0.8384334203655353,0.838457846839707,0.8384334203655353,3
BaggingClassifier,0.9045569003330355,0.9045262353150632,0.905189693586531,0.9045569003330355,417.1856616020203,0.15217900276184082,0.8997241892043523,0.8997737162750218,0.9005064358826355,0.8997737162750218,3
RandomForestClassifier,0.9367232556250508,0.9367226243612214,0.9367710564146257,0.9367232556250508,85.56862268447875,0.21621327400207518,0.9348264424068267,0.9348302872062664,0.9349149129657917,0.9348302872062664,3
ExtraTreesClassifier,0.93680448379498,0.9368010745692595,0.936952769265849,0.93680448379498,12.67689642906189,0.22989487648010254,0.9357628577976742,0.9357702349869452,0.9359454792884687,0.9357702349869452,3
AdaBoostClassifier,0.8685728210543416,0.8685708508045261,0.8685806180267146,0.8685728210543416,165.51668820381164,0.2985055446624756,0.8631816743812777,0.8631853785900784,0.863225241596858,0.8631853785900784,3
GradientBoostingClassifier,0.9143042807245553,0.9143000668778137,0.9143533061727732,0.9143042807245553,829.0283323764801,0.06775474548339844,0.9125825817615004,0.9125848563968668,0.9126280017508204,0.9125848563968668,3
