description,test_accuracy,test_f1_score,test_precision,test_recall,fit_time,score_time,train_f1_weighted,train_recall_weighted,train_precision_weighted,train_accuracy,iteration
KNeighborsClassifier,0.9351799203963934,0.9351573960689918,0.9355623882150546,0.9351799203963934,0.09409856796264648,6.582993030548096,0.9313244521545242,0.9313489991296781,0.9320775123699901,0.9313489991296781,23
DecisionTreeClassifier,0.8438794573958248,0.8438778565123894,0.8438784384126761,0.8438794573958248,62.57766838073731,0.023108148574829103,0.8371434557931611,0.8371453437771976,0.8371894608224804,0.8371453437771976,23
BaggingClassifier,0.9011453171960035,0.9010894884806597,0.9024521278709418,0.9011453171960035,410.110959148407,0.15946221351623535,0.8964317897656123,0.8965013054830289,0.8974152310537008,0.8965013054830289,23
RandomForestClassifier,0.9364795711152628,0.9364745718194544,0.9368184875204099,0.9364795711152628,85.06473865509034,0.22166061401367188,0.9358695873397249,0.9358746736292428,0.9359778762359448,0.9358746736292428,23
ExtraTreesClassifier,0.9388351880432134,0.938827710310571,0.9392819537648335,0.9388351880432134,12.91639232635498,0.2665757656097412,0.9363167192333078,0.9363272410791993,0.9365541841073242,0.9363272410791993,23
AdaBoostClassifier,0.8691414182438469,0.8691381286437854,0.8693198551078877,0.8691414182438469,164.7261025905609,0.29944667816162107,0.8632406358605842,0.8632550043516101,0.8634198862054132,0.8632550043516101,23
GradientBoostingClassifier,0.9135732271951913,0.9135736788296268,0.9136674924531428,0.9135732271951913,828.6793474674225,0.06891112327575684,0.9128943016200068,0.9128981723237597,0.9129846291714907,0.9128981723237597,23
