description,test_accuracy,test_f1_score,test_precision,test_recall,fit_time,score_time,train_f1_weighted,train_recall_weighted,train_precision_weighted,train_accuracy,iteration
KNeighborsClassifier,0.9394037852327187,0.9393916815692132,0.9398180533898964,0.9394037852327187,0.09559540748596192,6.706000423431396,0.9279393917083223,0.9279721496953874,0.9287106487825267,0.9279721496953874,18
DecisionTreeClassifier,0.8409552432783689,0.8409537972062247,0.840959853133118,0.8409552432783689,60.4885217666626,0.023204326629638672,0.8338319045397989,0.8338381201044387,0.833879941179255,0.8338381201044387,18
BaggingClassifier,0.9087807651693607,0.9087393817351992,0.9094427783729186,0.9087807651693607,375.6595745563507,0.15404095649719238,0.8976434173150928,0.8976849434290687,0.8983665351345375,0.8976849434290687,18
RandomForestClassifier,0.9415969458208107,0.9415945187811522,0.9416478780984733,0.9415969458208107,81.20698585510254,0.20340561866760254,0.9326006624317651,0.9326022628372499,0.9326503135159276,0.9326022628372499,18
ExtraTreesClassifier,0.940216066932012,0.94021254101394,0.9402924595150112,0.940216066932012,12.914375352859498,0.27788257598876953,0.9336433121318445,0.9336466492602262,0.9337478960586113,0.9336466492602262,18
AdaBoostClassifier,0.8641864998781578,0.8641828185494467,0.8642099761438227,0.8641864998781578,130.4224850177765,0.3047808647155762,0.8635254121741902,0.8635335073977372,0.8636099465803291,0.8635335073977372,18
GradientBoostingClassifier,0.9123548046462513,0.9123543720840205,0.9123574190016742,0.9123548046462513,735.3043251514434,0.0688708782196045,0.9096934914698112,0.9096953872932986,0.9097242626120453,0.9096953872932986,18
