description,test_accuracy,test_f1_score,test_precision,test_recall,fit_time,score_time,train_f1_weighted,train_recall_weighted,train_precision_weighted,train_accuracy,iteration
KNeighborsClassifier,0.8887174071968158,0.8884660296031581,0.8921375739174332,0.8887174071968158,0.09588251113891602,6.6556531429290775,0.8888925103144864,0.8890513489991297,0.8913250895519044,0.8890513489991297,24
DecisionTreeClassifier,0.8153683697506295,0.8153632311873525,0.8153930538166093,0.8153683697506295,61.49704942703247,0.023277139663696288,0.8089366238709694,0.808946910356832,0.8090133024536567,0.808946910356832,24
BaggingClassifier,0.8717407196815856,0.8717167496422004,0.872053415719452,0.8717407196815856,391.589652633667,0.15052580833435059,0.8718110842145081,0.8718885987815492,0.8727639950532302,0.8718885987815492,24
RandomForestClassifier,0.9037446186337422,0.9037343390097493,0.9038930074097828,0.9037446186337422,83.51476917266845,0.19456262588500978,0.8975754994657563,0.8975805047867711,0.8976652394995204,0.8975805047867711,24
ExtraTreesClassifier,0.9059377792218342,0.9059065332649143,0.9064337317561784,0.9059377792218342,12.88127236366272,0.23479552268981935,0.8999000037027741,0.8999129677980854,0.9001304575493496,0.8999129677980854,24
AdaBoostClassifier,0.8185362683778734,0.8184380213486974,0.8191760508437224,0.8185362683778734,166.15279870033265,0.29618144035339355,0.8191493138059268,0.8191818973020017,0.8194269351266084,0.8191818973020017,24
GradientBoostingClassifier,0.8736901957598895,0.873648611296342,0.8741405894026485,0.8736901957598895,837.3366583347321,0.06484761238098144,0.8727546207839735,0.8727937336814622,0.8732665573844232,0.8727937336814622,24
