description,test_accuracy,test_f1_score,test_precision,test_recall,fit_time,score_time,train_f1_weighted,train_recall_weighted,train_precision_weighted,train_accuracy,iteration
KNeighborsClassifier,0.913248314515474,0.913206936609913,0.9139200953471376,0.913248314515474,0.5443241119384765,26.557698583602907,0.9080054793719496,0.908024369016536,0.9083996641969371,0.908024369016536,3
DecisionTreeClassifier,0.7871821947851515,0.7871704520828338,0.7872156020070662,0.7871821947851515,213.49507021903992,0.05415210723876953,0.7821872937251092,0.7822106179286334,0.782348420741185,0.7822106179286334,3
BaggingClassifier,0.8616684266103485,0.8615140652717794,0.8634803290443585,0.8616684266103485,1422.5524363994598,0.45408000946044924,0.8492920817329843,0.8495387293298521,0.8517383987941661,0.8495387293298521,3
RandomForestClassifier,0.9039883031435302,0.9039808085867034,0.9041749760823032,0.9039883031435302,163.0468517780304,0.3012104511260986,0.8981270572305526,0.8981375108790252,0.8982807640499508,0.8981375108790252,3
ExtraTreesClassifier,0.9017139143855089,0.9017059530295796,0.9019053854972062,0.9017139143855089,26.884902477264404,0.3613586902618408,0.8997599862236159,0.8997737162750218,0.8999658655942261,0.8997737162750218,3
AdaBoostClassifier,0.8041588823003818,0.8041574583054271,0.8041598652378901,0.8041588823003818,658.0666708946228,0.9998335361480712,0.8012769993381077,0.8012880765883377,0.8013725092830452,0.8012880765883377,3
GradientBoostingClassifier,0.8692226464137763,0.8692102349747262,0.8693172005189483,0.8692226464137763,3309.7267546653748,0.14362125396728515,0.8666224926330092,0.8666318537859008,0.8667545264393732,0.8666318537859008,3
