description,test_accuracy,test_f1_score,test_precision,test_recall,fit_time,score_time,train_f1_weighted,train_recall_weighted,train_precision_weighted,train_accuracy,iteration
KNeighborsClassifier,0.9326618471285842,0.9326504560890493,0.9332406081790211,0.9326618471285842,0.09924626350402832,7.039713191986084,0.932406486926471,0.9324281984334204,0.9328750573556132,0.9324281984334204,7
DecisionTreeClassifier,0.8422548939972383,0.8422515113681159,0.84243599120308,0.8422548939972383,69.182177734375,0.023775386810302734,0.8369962814988355,0.837006092254134,0.8370611788591829,0.837006092254134,7
BaggingClassifier,0.900495491836569,0.9004516880289894,0.9009377939984107,0.900495491836569,426.17840180397036,0.14472789764404298,0.8994867575800309,0.8995300261096606,0.9003552680512451,0.8995300261096606,7
RandomForestClassifier,0.9385102753634961,0.9385085646806876,0.9385187575872765,0.9385102753634961,88.16920585632325,0.18864774703979492,0.9352469186984805,0.9352480417754568,0.9353158066963416,0.9352480417754568,7
ExtraTreesClassifier,0.9413532613110227,0.9413483289739495,0.9414078173002585,0.9413532613110227,12.903501749038696,0.2225182056427002,0.9375766384453211,0.9375805047867711,0.9377522905495509,0.9375805047867711,7
AdaBoostClassifier,0.8641052717082284,0.8641077410900047,0.8641398689578562,0.8641052717082284,172.35637092590332,0.29815053939819336,0.8657922682799304,0.8657963446475195,0.8658174700403769,0.8657963446475195,7
GradientBoostingClassifier,0.9154414751035659,0.9154430116405827,0.9154759687057642,0.9154414751035659,866.3397029399872,0.06722164154052734,0.9122697748459567,0.9122715404699739,0.912288937170015,0.9122715404699739,7
