description,test_accuracy,test_f1_score,test_precision,test_recall,fit_time,score_time,train_f1_weighted,train_recall_weighted,train_precision_weighted,train_accuracy,iteration
KNeighborsClassifier,0.9086995369994314,0.9086699987949663,0.9094150444222704,0.9086995369994314,0.6184793472290039,26.456905603408813,0.9067027596064599,0.9067362924281985,0.9072690941335944,0.9067362924281985,21
DecisionTreeClassifier,0.7886443018438795,0.7886263450021145,0.788836414330916,0.7886443018438795,212.13270378112793,0.05389800071716309,0.78379340082839,0.7838120104438643,0.7838918070772423,0.7838120104438643,21
BaggingClassifier,0.8561449110551539,0.8559848646273012,0.8574711453798063,0.8561449110551539,1437.1363679885865,0.5227538585662842,0.8521379429410321,0.8523237597911228,0.8542142723522519,0.8523237597911228,21
RandomForestClassifier,0.9013890017057916,0.9013791937112549,0.9014790490207911,0.9013890017057916,163.14566054344178,0.3120147705078125,0.8991732188025313,0.8991818973020017,0.8993539111360755,0.8991818973020017,21
ExtraTreesClassifier,0.9048005848428234,0.9047891181038459,0.9049169801685574,0.9048005848428234,26.20922441482544,0.33046793937683105,0.9004556209916605,0.9004699738903394,0.9007409323282503,0.9004699738903394,21
AdaBoostClassifier,0.8034278287710178,0.8034270116692435,0.8034781467278753,0.8034278287710178,659.2627210617065,0.9650320529937744,0.7995800751899156,0.7995822454308094,0.7995943597307793,0.7995822454308094,21
GradientBoostingClassifier,0.8623182519697831,0.8623148344374068,0.8624229572655348,0.8623182519697831,3316.578771305084,0.14490666389465331,0.8695112545646614,0.869521322889469,0.8696115820475112,0.869521322889469,21
