description,test_accuracy,test_f1_score,test_precision,test_recall,fit_time,score_time,train_f1_weighted,train_recall_weighted,train_precision_weighted,train_accuracy,iteration
KNeighborsClassifier,0.9139793680448379,0.9139430320529248,0.9145852072327315,0.9139793680448379,0.632400369644165,26.54289565086365,0.9069459190312973,0.9069799825935597,0.9076160368424366,0.9069799825935597,11
DecisionTreeClassifier,0.7844204370075543,0.7844207214881909,0.7844216684479682,0.7844204370075543,208.09070944786072,0.05432286262512207,0.7766999159188143,0.776710182767624,0.7767721818438197,0.776710182767624,11
BaggingClassifier,0.8648363252375924,0.8646839255239147,0.8666501820117707,0.8648363252375924,1363.8052576065063,0.4504708766937256,0.8539336615139417,0.8541340295909488,0.8560142308580844,0.8541340295909488,11
RandomForestClassifier,0.9039070749736009,0.9039020546011264,0.9040336254573665,0.9039070749736009,164.202006483078,0.29967641830444336,0.8978141138155944,0.8978241949521323,0.8979695373847709,0.8978241949521323,11
ExtraTreesClassifier,0.9078060271302087,0.9077941835974112,0.9080777651731111,0.9078060271302087,26.532183027267457,0.33771286010742185,0.8980455955761096,0.8980678851174935,0.8983862886121882,0.8980678851174935,11
AdaBoostClassifier,0.8104946795548696,0.8104777551902724,0.8105699651566438,0.8104946795548696,662.1978640079499,1.084857702255249,0.8014231704737265,0.8014273281114012,0.801457061085792,0.8014273281114012,11
GradientBoostingClassifier,0.8712533506620096,0.8712513288560151,0.8712633918070684,0.8712533506620096,3327.786560487747,0.19383506774902343,0.8660342697624983,0.8660400348128807,0.8661143820868414,0.8660400348128807,11
