description,test_accuracy,test_f1_score,test_precision,test_recall,fit_time,score_time,train_f1_weighted,train_recall_weighted,train_precision_weighted,train_accuracy,iteration
KNeighborsClassifier,0.8938347819023638,0.8936424946098731,0.896772883530059,0.8938347819023638,0.09956741333007812,6.966993093490601,0.8864335586382094,0.886614447345518,0.8890595420589072,0.886614447345518,1
DecisionTreeClassifier,0.8254406628218667,0.8254258594529389,0.8255653500240109,0.8254406628218667,60.629578065872195,0.024077892303466797,0.8057735890234475,0.8057789382071366,0.8058106971377953,0.8057789382071366,1
BaggingClassifier,0.8765331817074161,0.876496061662168,0.8769599027293506,0.8765331817074161,400.09776935577395,0.15511155128479004,0.8682577662399618,0.8683376849434289,0.8692471440500137,0.8683376849434289,1
RandomForestClassifier,0.9062626919015515,0.9062615934707586,0.9062880499676296,0.9062626919015515,86.83336491584778,0.1937114715576172,0.8995578780450815,0.8995648389904265,0.8996733312712262,0.8995648389904265,1
ExtraTreesClassifier,0.9064251482414101,0.9064213621604043,0.9065019871719456,0.9064251482414101,13.28783130645752,0.23281893730163575,0.9016787988343846,0.9016884247171454,0.9018369771783006,0.9016884247171454,1
AdaBoostClassifier,0.8280399642596052,0.8280166317854971,0.8282359985152674,0.8280399642596052,172.64872517585755,0.3042473793029785,0.8211105913264539,0.8211662315056572,0.8215523559596833,0.8211662315056572,1
GradientBoostingClassifier,0.8746649337990415,0.8746444418468671,0.8749307924041344,0.8746649337990415,869.2764904975891,0.06573286056518554,0.8710900481166618,0.8711227154046999,0.8714995412513418,0.8711227154046999,1
