description,test_accuracy,test_f1_score,test_precision,test_recall,fit_time,score_time,train_f1_weighted,train_recall_weighted,train_precision_weighted,train_accuracy,iteration
KNeighborsClassifier,0.897083908699537,0.8969666774790042,0.8990372640398835,0.897083908699537,0.09775719642639161,6.729061841964722,0.8830698545577654,0.8832724107919929,0.8858657526287151,0.8832724107919929,18
DecisionTreeClassifier,0.8080578344569896,0.8080567275752478,0.8080594701694641,0.8080578344569896,55.791715717315675,0.02317337989807129,0.7972794589231414,0.797284595300261,0.7973131652331527,0.797284595300261,18
BaggingClassifier,0.8763707253675574,0.8762557442158246,0.8776612686077003,0.8763707253675574,355.394099521637,0.15288825035095216,0.8655960661286016,0.865691906005222,0.8667692764979353,0.865691906005222,18
RandomForestClassifier,0.9113800666070994,0.9113801730254948,0.9113823119389919,0.9113800666070994,81.33253746032715,0.21403207778930664,0.9027644630816951,0.9027676240208876,0.9028118604846267,0.9027676240208876,18
ExtraTreesClassifier,0.9131670863455447,0.9131658430669395,0.9131793620856338,0.9131670863455447,13.505858373641967,0.3030266284942627,0.9053430513948422,0.9053437771975631,0.9053524873951584,0.9053437771975631,18
AdaBoostClassifier,0.8174803021687921,0.817480268449119,0.817480245516976,0.8174803021687921,165.23958325386047,0.3027624607086182,0.8070489007121051,0.8070670147954744,0.8071688223007818,0.8070670147954744,18
GradientBoostingClassifier,0.8733652830801722,0.8733414263153523,0.8737037931222658,0.8733652830801722,836.2872175693512,0.06797537803649903,0.8683179172933112,0.8683724978241949,0.8689553659898129,0.8683724978241949,18
