description,test_accuracy,test_f1_score,test_precision,test_recall,fit_time,score_time,train_f1_weighted,train_recall_weighted,train_precision_weighted,train_accuracy,iteration
KNeighborsClassifier,0.9368857119649094,0.9368577595426559,0.9370975478416991,0.9368857119649094,0.0931248664855957,6.682419395446777,0.9342655029817358,0.9342732811140122,0.9348041846726325,0.9342732811140122,19
DecisionTreeClassifier,0.8435545447161076,0.8435455473344793,0.8435440792211569,0.8435545447161076,63.853015422821045,0.023104476928710937,0.8329323062681858,0.8329329852045257,0.8329830085226659,0.8329329852045257,19
BaggingClassifier,0.8989521566079116,0.8989506818333105,0.9001345728471767,0.8989521566079116,438.4678011417389,0.13883285522460936,0.8975963915132399,0.8976849434290687,0.8985916378385432,0.8976849434290687,19
RandomForestClassifier,0.9354236049061815,0.9354330440313223,0.9356001053856887,0.9354236049061815,86.05899667739868,0.20124735832214355,0.9350966693002943,0.9351087902523935,0.9352633462362683,0.9351087902523935,19
ExtraTreesClassifier,0.9367232556250508,0.9367328833703679,0.9371564768954534,0.9367232556250508,12.584730386734009,0.23672080039978027,0.936309779804007,0.9363272410791993,0.9365650673441877,0.9363272410791993,19
AdaBoostClassifier,0.8623182519697831,0.8623222604158952,0.8623288300379517,0.8623182519697831,165.68947877883912,0.30441555976867674,0.8668354076599101,0.8668407310704961,0.8669563272519658,0.8668407310704961,19
GradientBoostingClassifier,0.9106490130777354,0.9106539500564919,0.9106697056865218,0.9106490130777354,833.9206790447236,0.06514873504638671,0.9132783527402252,0.9132811140121845,0.9133426961294312,0.9132811140121845,19
