description,test_accuracy,test_f1_score,test_precision,test_recall,fit_time,score_time,train_f1_weighted,train_recall_weighted,train_precision_weighted,train_accuracy,iteration
KNeighborsClassifier,0.9336365851677362,0.9336224643097403,0.9339045796588354,0.9336365851677362,0.09399938583374023,6.682005786895752,0.9264573535704846,0.9264751958224542,0.9269372781664517,0.9264751958224542,13
DecisionTreeClassifier,0.8475347250426448,0.8475346707193133,0.8475346275802221,0.8475347250426448,69.5993152141571,0.023256254196166993,0.8422524177456895,0.8422628372497825,0.8423735147461489,0.8422628372497825,13
BaggingClassifier,0.9010640890260743,0.9010120593149086,0.90210495697928,0.9010640890260743,437.10652923583984,0.14127655029296876,0.8968337434347669,0.8968842471714534,0.8975910724455263,0.8968842471714534,13
RandomForestClassifier,0.9378604500040614,0.9378535393901744,0.9381596469921143,0.9378604500040614,88.00054988861083,0.2077540397644043,0.9321720333212061,0.9321845082680591,0.932460092099252,0.9321845082680591,13
ExtraTreesClassifier,0.9385102753634961,0.9384973401108694,0.9390155115293795,0.9385102753634961,12.568092918395996,0.23617076873779297,0.9338058660982902,0.9338207136640557,0.9341652093675366,0.9338207136640557,13
AdaBoostClassifier,0.8633742181788644,0.8633738990550351,0.8633739900915787,0.8633742181788644,164.6476676940918,0.3109278678894043,0.8624152761242068,0.8624194952132289,0.8624757306771281,0.8624194952132289,13
GradientBoostingClassifier,0.9112176102672407,0.9112171533524851,0.9112675017169204,0.9112176102672407,827.9584684371948,0.06542720794677734,0.9102837387649767,0.9102872062663184,0.910346628121759,0.9102872062663184,13
