description,test_accuracy,test_f1_score,test_precision,test_recall,fit_time,score_time,train_f1_weighted,train_recall_weighted,train_precision_weighted,train_accuracy,iteration
KNeighborsClassifier,0.9160100722930712,0.9159934601612011,0.9162943108807978,0.9160100722930712,0.5859825611114502,26.439545917510987,0.904817399313621,0.9048563968668407,0.9055389129389038,0.9048563968668407,29
DecisionTreeClassifier,0.7870197384452928,0.7870018196976296,0.7870919803330847,0.7870197384452928,214.62353491783142,0.05330042839050293,0.7819977659993975,0.7820017406440384,0.7820226054504951,0.7820017406440384,29
BaggingClassifier,0.8565510519048006,0.856355409469323,0.8586261169832334,0.8565510519048006,1387.1547060012817,0.5086044788360595,0.8549544639004223,0.8551087902523934,0.8565879334760943,0.8551087902523934,29
RandomForestClassifier,0.9041507594833889,0.9041390586036088,0.9043888182404031,0.9041507594833889,163.71125860214232,0.2994680404663086,0.8964927620530727,0.8965013054830286,0.8966242756069203,0.8965013054830286,29
ExtraTreesClassifier,0.9039883031435302,0.903972470054153,0.9043015989749588,0.9039883031435302,27.773996353149414,0.382950496673584,0.8998665613556429,0.8998781549173194,0.9000526555637318,0.8998781549173194,29
AdaBoostClassifier,0.8009909836731378,0.8009855237369724,0.8010108883159811,0.8009909836731378,657.2923629760742,1.032795000076294,0.8057228155286156,0.8057441253263707,0.8058771396508894,0.8057441253263707,29
GradientBoostingClassifier,0.867191942165543,0.8671863792952313,0.8672353069277695,0.867191942165543,3316.331937456131,0.18982195854187012,0.8681154741183708,0.8681288076588338,0.8682820552791879,0.8681288076588338,29
