description,test_accuracy,test_f1_score,test_precision,test_recall,fit_time,score_time,train_f1_weighted,train_recall_weighted,train_precision_weighted,train_accuracy,iteration
KNeighborsClassifier,0.8948095199415157,0.8946597548601442,0.8968815795203954,0.8948095199415157,0.09864645004272461,6.9610809803009035,0.8871024945722977,0.8872758920800695,0.8897472077068574,0.8872758920800695,22
DecisionTreeClassifier,0.8065144992283324,0.806487859151262,0.8066356675935372,0.8065144992283324,55.83868064880371,0.023154497146606445,0.7929564088210628,0.7929677980852915,0.7930387389207202,0.7929677980852915,22
BaggingClassifier,0.8769393225570628,0.8768788088963364,0.8777999852555378,0.8769393225570628,353.6859809398651,0.15691261291503905,0.8679093269240912,0.868024369016536,0.8692408926241967,0.868024369016536,22
RandomForestClassifier,0.9123548046462513,0.9123535069365436,0.9123653209884438,0.9123548046462513,80.98080744743348,0.22317028045654297,0.902939550628749,0.9029416884247172,0.9029759179655399,0.9029416884247172,22
ExtraTreesClassifier,0.910811469417594,0.9108102077063002,0.9108212542573708,0.910811469417594,13.58290433883667,0.3055257797241211,0.905794732585495,0.9057963446475196,0.9058292282361347,0.9057963446475196,22
AdaBoostClassifier,0.8173178458289335,0.817291629745315,0.8174505878729509,0.8173178458289335,165.43836603164672,0.2968410015106201,0.8145017075122908,0.8145169712793734,0.8146321952023975,0.8145169712793734,22
GradientBoostingClassifier,0.8734465112501015,0.8733635900032651,0.8743066069653691,0.8734465112501015,835.0124581813812,0.06694416999816895,0.8729239918973436,0.8729677980852916,0.8735216929605738,0.8729677980852916,22
