description,test_accuracy,test_f1_score,test_precision,test_recall,fit_time,score_time,train_f1_weighted,train_recall_weighted,train_precision_weighted,train_accuracy,iteration
KNeighborsClassifier,0.9127609454958979,0.912721503241812,0.913224332879296,0.9127609454958979,0.42829170227050783,26.623835134506226,0.9047227658022239,0.9047519582245431,0.9053798614931191,0.9047519582245431,4
DecisionTreeClassifier,0.7848265778572009,0.7848301669275273,0.7848983925116438,0.7848265778572009,218.32385396957397,0.05573701858520508,0.7765628673065297,0.7765709312445603,0.7766366855933006,0.7765709312445603,4
BaggingClassifier,0.8569571927544473,0.8567809308640538,0.8593431965815901,0.8569571927544473,1417.17542924881,0.5496388912200928,0.8544317335716727,0.854656222802437,0.8566032063035905,0.854656222802437,4
RandomForestClassifier,0.9036633904638128,0.9036608097898593,0.903891997722079,0.9036633904638128,169.93789992332458,0.2988485813140869,0.8968357039683962,0.8968494342906876,0.8969973715133838,0.8968494342906876,4
ExtraTreesClassifier,0.9019575988952969,0.9019494025936715,0.9023312921188702,0.9019575988952969,27.24806718826294,0.33992762565612794,0.89685210033144,0.8968842471714534,0.8972709027781652,0.8968842471714534,4
AdaBoostClassifier,0.8007472991633499,0.8007015954494159,0.8008602010995977,0.8007472991633499,686.8287014961243,1.097381591796875,0.7991614766679019,0.7991644908616189,0.7992012929174555,0.7991644908616189,4
GradientBoostingClassifier,0.8648363252375924,0.8648191352532443,0.8649028340625915,0.8648363252375924,3471.613914489746,0.1584953784942627,0.8677427232369824,0.867745865970409,0.8678221318210063,0.867745865970409,4
