description,test_accuracy,test_f1_score,test_precision,test_recall,fit_time,score_time,train_f1_weighted,train_recall_weighted,train_precision_weighted,train_accuracy,iteration
KNeighborsClassifier,0.9324181626187962,0.9324034287096484,0.9327280299426681,0.9324181626187962,0.09636135101318359,6.6564621925354,0.9271156934159224,0.927136640557006,0.9276642039835874,0.927136640557006,11
DecisionTreeClassifier,0.8468848996832101,0.8468797167938649,0.8469108474210383,0.8468848996832101,70.43374223709107,0.023032951354980468,0.8429537171627837,0.8429590948651,0.843012562280655,0.8429590948651,11
BaggingClassifier,0.9064251482414101,0.9063849966280945,0.9072312025099524,0.9064251482414101,442.25805349349974,0.15451579093933104,0.8989897021365044,0.8990426457789381,0.8998312783384218,0.8990426457789381,11
RandomForestClassifier,0.9372918528145561,0.9372841422646384,0.9375699040621415,0.9372918528145561,87.90552468299866,0.19656014442443848,0.9320708497455998,0.9320800696257615,0.932303283802906,0.9320800696257615,11
ExtraTreesClassifier,0.9411095768012346,0.9410981186604219,0.9415306107806127,0.9411095768012346,12.602699279785156,0.23126597404479982,0.9339466123728901,0.9339599651871193,0.934288253418927,0.9339599651871193,11
AdaBoostClassifier,0.8618308829502072,0.8618304417098485,0.8618313765930266,0.8618308829502072,164.60065231323242,0.28873434066772463,0.8608156379149126,0.8608181026979983,0.8608405605239927,0.8608181026979983,11
GradientBoostingClassifier,0.9167411258224352,0.9167410445196109,0.9167575246632813,0.9167411258224352,827.4417774677277,0.06611318588256836,0.9094844457821105,0.9094865100087033,0.909517572279173,0.9094865100087033,11
