description,test_accuracy,test_f1_score,test_precision,test_recall,fit_time,score_time,train_f1_weighted,train_recall_weighted,train_precision_weighted,train_accuracy,iteration
KNeighborsClassifier,0.893916010072293,0.8937712511223226,0.8961350389876707,0.893916010072293,0.09453387260437011,6.655882215499878,0.8847099838827596,0.8849086161879895,0.887549179264924,0.8849086161879895,9
DecisionTreeClassifier,0.7982292258955406,0.7982289463245172,0.7982297201040301,0.7982292258955406,54.35095734596253,0.023218965530395506,0.7937613737312965,0.7937684943429069,0.7938071249732925,0.7937684943429069,9
BaggingClassifier,0.8772642352367801,0.877185123698072,0.878199593181331,0.8772642352367801,364.69309248924253,0.14019546508789063,0.8675789144993653,0.8676762402088773,0.8687778872694164,0.8676762402088773,9
RandomForestClassifier,0.9068312890910568,0.9068303485491143,0.9068536412542223,0.9068312890910568,81.33278112411499,0.2378831386566162,0.9029041082078628,0.9029068755439512,0.9029510777893407,0.9029068755439512,9
ExtraTreesClassifier,0.9104053285679473,0.9104053344794216,0.9104053524046378,0.9104053285679473,13.192025327682495,0.23980188369750977,0.9053763111331639,0.9053785900783289,0.905417081858295,0.9053785900783289,9
AdaBoostClassifier,0.8097636260255057,0.8097577742111605,0.8098104432083891,0.8097636260255057,165.24679441452025,0.30693817138671875,0.81210367587146,0.8121148825065274,0.812186802712788,0.8121148825065274,9
GradientBoostingClassifier,0.8741775647794655,0.8741375796079991,0.8746822538677944,0.8741775647794655,834.5026775836944,0.06701750755310058,0.8701395480801374,0.870182767624021,0.8706677426745818,0.870182767624021,9
