description,test_accuracy,test_f1_score,test_precision,test_recall,fit_time,score_time,train_f1_weighted,train_recall_weighted,train_precision_weighted,train_accuracy,iteration
KNeighborsClassifier,0.9093493623588661,0.9093099973871889,0.9100460562566507,0.9093493623588661,0.616310977935791,26.720345067977906,0.9060031003671982,0.9060400348128808,0.9066939299409789,0.9060400348128808,10
DecisionTreeClassifier,0.7842579806676956,0.7842531179774995,0.7842807123341176,0.7842579806676956,213.41310601234437,0.05383458137512207,0.7835861169125284,0.783603133159269,0.7836952557156966,0.783603133159269,10
BaggingClassifier,0.8628056209893591,0.8626484199439786,0.8644981925875624,0.8628056209893591,1405.3370502471923,0.5394954681396484,0.8560223058833412,0.8562228024369016,0.858183595774471,0.8562228024369016,10
RandomForestClassifier,0.9020388270652262,0.9020363863940383,0.9020827062649149,0.9020388270652262,163.5053605079651,0.3070211410522461,0.8965989556755105,0.8966057441253265,0.8967095577014564,0.8966057441253265,10
ExtraTreesClassifier,0.8987084720981237,0.8986963847539332,0.898906983763604,0.8987084720981237,26.800111532211304,0.3599086761474609,0.8984096913579898,0.8984160139251524,0.898514389519583,0.8984160139251524,10
AdaBoostClassifier,0.795142555438226,0.7951216107037148,0.7952568909329298,0.795142555438226,658.3234848499299,1.1240161418914796,0.8031594572333466,0.8031679721496954,0.8032202344943254,0.8031679721496954,10
GradientBoostingClassifier,0.8666233449760377,0.8666039411084336,0.8668284319753853,0.8666233449760377,3325.3431429862976,0.19641380310058593,0.8690633316469306,0.8690687554395128,0.8691305521185908,0.8690687554395128,10
