description,test_accuracy,test_f1_score,test_precision,test_recall,fit_time,score_time,train_f1_weighted,train_recall_weighted,train_precision_weighted,train_accuracy,iteration
KNeighborsClassifier,0.9340427260173828,0.9340249557500799,0.9345828442465415,0.9340427260173828,0.0966991901397705,6.641019868850708,0.9314978447675966,0.9315230635335073,0.9321225555127304,0.9315230635335073,5
DecisionTreeClassifier,0.8424985785070263,0.8424983727460043,0.8425102742097027,0.8424985785070263,62.837979316711426,0.023294401168823243,0.8375934988818097,0.8375979112271541,0.8376319282407957,0.8375979112271541,5
BaggingClassifier,0.9013890017057916,0.9013492468391524,0.9019617630149367,0.9013890017057916,388.31692576408386,0.15039048194885254,0.9015063487947745,0.9015491731940818,0.902287161311512,0.9015491731940818,5
RandomForestClassifier,0.9321744781090082,0.9321719405698577,0.9322182327427778,0.9321744781090082,80.94041533470154,0.1997739315032959,0.9346206302496091,0.934621409921671,0.9346464407960872,0.934621409921671,5
ExtraTreesClassifier,0.9371293964746974,0.9371225144917268,0.93728210408127,0.9371293964746974,12.609145545959473,0.23785247802734374,0.9362546995479761,0.9362576153176676,0.9363456795341139,0.9362576153176676,5
AdaBoostClassifier,0.8610998294208432,0.8610999943848763,0.8611017956349653,0.8610998294208432,129.63717632293702,0.2887282848358154,0.8623756275177078,0.862384682332463,0.8624740519851436,0.862384682332463,5
GradientBoostingClassifier,0.9081309398099261,0.9081303700241404,0.9081562730384464,0.9081309398099261,730.6503283977509,0.06744403839111328,0.910666806212282,0.9106701479547432,0.9107256515708757,0.9106701479547432,5
