description,test_accuracy,test_f1_score,test_precision,test_recall,fit_time,score_time,train_f1_weighted,train_recall_weighted,train_precision_weighted,train_accuracy,iteration
KNeighborsClassifier,0.9381853626837787,0.9381707256147224,0.938627275699525,0.9381853626837787,0.09806199073791504,6.946646308898925,0.9324415721371093,0.9324630113141863,0.9329999703632185,0.9324630113141863,9
DecisionTreeClassifier,0.8455852489643408,0.845582027339216,0.8456078306985998,0.8455852489643408,70.38488321304321,0.023954248428344725,0.8376934196413488,0.8377023498694516,0.8377723387928683,0.8377023498694516,9
BaggingClassifier,0.9040695313134595,0.9040197228575163,0.9048738544286942,0.9040695313134595,436.73138828277587,0.16766042709350587,0.8962133179453439,0.8962576153176676,0.8969414470603871,0.8962576153176676,9
RandomForestClassifier,0.9377792218341321,0.9377746645399764,0.9378938913094846,0.9377792218341321,89.4071653842926,0.2415915012359619,0.9341998976928696,0.9342036553524805,0.9343067176915841,0.9342036553524805,9
ExtraTreesClassifier,0.9379416781739908,0.9379341717550013,0.9381359345540917,0.9379416781739908,13.261634492874146,0.26961503028869627,0.934857127613822,0.9348651000870323,0.9350854417864969,0.9348651000870323,9
AdaBoostClassifier,0.8649175534075217,0.8649175159738776,0.8649175812616945,0.8649175534075217,173.6717854976654,0.31082878112792967,0.8665956910355449,0.8665970409051349,0.8666098874856839,0.8665970409051349,9
GradientBoostingClassifier,0.9127609454958979,0.9127606968334968,0.9127635316794439,0.9127609454958979,873.3562537193299,0.06737918853759765,0.9106335566685445,0.9106353350739773,0.9106696080355154,0.9106353350739773,9
