description,test_accuracy,test_f1_score,test_precision,test_recall,fit_time,score_time,train_f1_weighted,train_recall_weighted,train_precision_weighted,train_accuracy,iteration
KNeighborsClassifier,0.8935098692226464,0.8933723076962905,0.8964758674232141,0.8935098692226464,0.09581642150878907,6.673454713821411,0.8844755754497011,0.8846997389033943,0.8873211932706135,0.8846997389033943,15
DecisionTreeClassifier,0.8149622289009829,0.8149689538106998,0.8150254059391564,0.8149622289009829,62.19300389289856,0.02294754981994629,0.8120996835398813,0.8121148825065273,0.8121876843831759,0.8121148825065273,15
BaggingClassifier,0.8778328324262854,0.8777078278080652,0.8788184593793202,0.8778328324262854,379.95424637794497,0.1565380096435547,0.8711492580096077,0.8711923411662316,0.8718628328812483,0.8711923411662316,15
RandomForestClassifier,0.9066688327511981,0.9066706175279927,0.9066787318073627,0.9066688327511981,82.8295913696289,0.21861472129821777,0.8963528661088247,0.896362053959965,0.8964470987339107,0.896362053959965,15
ExtraTreesClassifier,0.909105677849078,0.9091087294209587,0.9091454795198134,0.909105677849078,13.310337829589844,0.30639424324035647,0.899588569213463,0.8995996518711923,0.8997107078200075,0.8995996518711923,15
AdaBoostClassifier,0.8265778572008773,0.8265760378548939,0.8268500235001083,0.8265778572008773,165.74378752708435,0.29262657165527345,0.8157106236080501,0.8157702349869451,0.8160489648089015,0.8157702349869451,15
GradientBoostingClassifier,0.8745024774591829,0.8745031879130473,0.8747399084517029,0.8745024774591829,836.5890298843384,0.06483469009399415,0.8705384871520516,0.8706005221932115,0.8711417736459156,0.8706005221932115,15
