description,test_accuracy,test_f1_score,test_precision,test_recall,fit_time,score_time,train_f1_weighted,train_recall_weighted,train_precision_weighted,train_accuracy,iteration
KNeighborsClassifier,0.9353423767362521,0.9353198475598922,0.9361850418965214,0.9353423767362521,0.09399042129516602,6.679764986038208,0.932957615907287,0.9329852045256745,0.9336166660681513,0.9329852045256745,27
DecisionTreeClassifier,0.8383559418406303,0.838343787189085,0.8385740296552309,0.8383559418406303,55.92113027572632,0.02319502830505371,0.8368232292773072,0.8368320278503047,0.8368820832348073,0.8368320278503047,27
BaggingClassifier,0.9048005848428234,0.9047603496573885,0.9052989031694818,0.9048005848428234,370.2559718608856,0.160414457321167,0.901239419519074,0.9012706701479548,0.9018617440842742,0.9012706701479548,27
RandomForestClassifier,0.9361546584355455,0.9361549154059154,0.9361564077462944,0.9361546584355455,80.68446316719056,0.19523158073425292,0.9354563360649057,0.9354569190600521,0.9354851031936124,0.9354569190600521,27
ExtraTreesClassifier,0.9381853626837787,0.9381849947832024,0.9381861249778901,0.9381853626837787,12.58544921875,0.22923774719238282,0.9364282903631839,0.936431679721497,0.9365556476185727,0.936431679721497,27
AdaBoostClassifier,0.8611810575907725,0.8611720170738689,0.8613889693209291,0.8611810575907725,129.97186894416808,0.32554612159729,0.8652667884857366,0.8652741514360314,0.8653382794315302,0.8652741514360314,27
GradientBoostingClassifier,0.9058565510519048,0.9058555559515475,0.9059492532053757,0.9058565510519048,732.1812708377838,0.06971988677978516,0.9125812872403645,0.9125848563968668,0.9126351912845072,0.9125848563968668,27
