description,test_accuracy,test_f1_score,test_precision,test_recall,fit_time,score_time,train_f1_weighted,train_recall_weighted,train_precision_weighted,train_accuracy,iteration
KNeighborsClassifier,0.9385102753634961,0.9384917891772037,0.939067962769504,0.9385102753634961,0.09340147972106934,6.688124465942383,0.9320894236187417,0.9321148825065274,0.9327435366820552,0.9321148825065274,9
DecisionTreeClassifier,0.839736820729429,0.8397335955484158,0.8397716064218304,0.839736820729429,61.874707984924314,0.024276208877563477,0.8379741592619784,0.8379808529155788,0.8380335498671998,0.8379808529155788,9
BaggingClassifier,0.9013890017057916,0.9013366994132685,0.9022054610591805,0.9013890017057916,380.38410778045653,0.15902624130249024,0.8965517121654015,0.8966057441253265,0.8974539713091462,0.8966057441253265,9
RandomForestClassifier,0.9359109739257575,0.9359082463431182,0.935975000472929,0.9359109739257575,80.93213057518005,0.19582748413085938,0.9339931489875868,0.9339947780678852,0.9340419686196091,0.9339947780678852,9
ExtraTreesClassifier,0.9385915035334254,0.938583402135409,0.9388045011896272,0.9385915035334254,12.566779279708863,0.2306039810180664,0.9343028235128698,0.9343080939947781,0.9344558320485046,0.9343080939947781,9
AdaBoostClassifier,0.8625619364795711,0.8625586446627663,0.8626049388406316,0.8625619364795711,129.80041995048524,0.30575037002563477,0.8640492523235125,0.8640557006092255,0.8641237257369566,0.8640557006092255,9
GradientBoostingClassifier,0.910567784907806,0.9105674190602479,0.9105786006617616,0.910567784907806,731.6868268489837,0.06614952087402344,0.9113648188093755,0.911366405570061,0.9113938845716376,0.911366405570061,9
