description,test_accuracy,test_f1_score,test_precision,test_recall,fit_time,score_time,train_f1_weighted,train_recall_weighted,train_precision_weighted,train_accuracy,iteration
KNeighborsClassifier,0.8909917959548371,0.8908137911429383,0.893138441190217,0.8909917959548371,0.09853658676147461,6.941345977783203,0.8872313127774764,0.8874151436031331,0.890161086105724,0.8874151436031331,20
DecisionTreeClassifier,0.7978230850458939,0.797816630723309,0.7978278761190767,0.7978230850458939,56.292406749725345,0.023002147674560547,0.7988012183739241,0.79881636205396,0.7989428829656612,0.79881636205396,20
BaggingClassifier,0.8764519535374868,0.8763804963006196,0.8776253657359465,0.8764519535374868,365.99977617263795,0.15685176849365234,0.8669979950808265,0.8671192341166231,0.8683282295041452,0.8671192341166231,20
RandomForestClassifier,0.9050442693526115,0.9050444084449419,0.9050446550269806,0.9050442693526115,81.62794198989869,0.2198566436767578,0.9046463834626446,0.9046475195822454,0.9046704827727299,0.9046475195822454,20
ExtraTreesClassifier,0.9079684834700674,0.9079691975818913,0.907975195595379,0.9079684834700674,13.123359537124633,0.23817763328552247,0.9080222459102629,0.908024369016536,0.9080669285359966,0.908024369016536,20
AdaBoostClassifier,0.812281699293315,0.8122791501582739,0.8122813283441693,0.812281699293315,165.3158329963684,0.29440507888793943,0.8156528534207936,0.8156657963446475,0.8157894365100476,0.8156657963446475,20
GradientBoostingClassifier,0.8704410689627162,0.8703940945685411,0.870802577201938,0.8704410689627162,835.146524143219,0.06849579811096192,0.8737676185503614,0.8738033072236728,0.8743173964273201,0.8738033072236728,20
