description,test_accuracy,test_f1_score,test_precision,test_recall,fit_time,score_time,train_f1_weighted,train_recall_weighted,train_precision_weighted,train_accuracy,iteration
KNeighborsClassifier,0.9368857119649094,0.936882412163997,0.9378698946375864,0.9368857119649094,0.09582300186157226,6.710590600967407,0.9305876264312112,0.9306179286335945,0.93109147597751,0.9306179286335945,12
DecisionTreeClassifier,0.8438794573958248,0.8438935763037702,0.8442605483334878,0.8438794573958248,65.11398115158082,0.022870683670043947,0.8391827869847035,0.8391993037423846,0.8392518936079959,0.8391993037423846,12
BaggingClassifier,0.9030135651043782,0.9029501193662309,0.9034236652008131,0.9030135651043782,410.1932137489319,0.15475172996520997,0.900030611846315,0.9000522193211488,0.9007092872410783,0.9000522193211488,12
RandomForestClassifier,0.9363983429453334,0.9363982354698107,0.9363981403556891,0.9363983429453334,85.09468574523926,0.20137948989868165,0.9350043284190166,0.9350043516100959,0.9351098369835386,0.9350043516100959,12
ExtraTreesClassifier,0.940216066932012,0.9402126925305833,0.9402204910508984,0.940216066932012,12.609325981140136,0.23426899909973145,0.9373348997888762,0.9373368146214099,0.9375639846682237,0.9373368146214099,12
AdaBoostClassifier,0.8641864998781578,0.8641974564368279,0.8642551251198818,0.8641864998781578,165.8706732749939,0.2950242042541504,0.8686524194335012,0.868651000870322,0.8686709872641234,0.868651000870322,12
GradientBoostingClassifier,0.9133295426854033,0.9133366067528847,0.9133945952353807,0.9133295426854033,833.7205293178558,0.06609182357788086,0.9134876921160704,0.9134899912967798,0.9135047291451842,0.9134899912967798,12
