description,test_accuracy,test_f1_score,test_precision,test_recall,fit_time,score_time,train_f1_weighted,train_recall_weighted,train_precision_weighted,train_accuracy,iteration
KNeighborsClassifier,0.9320932499390788,0.9320644459012474,0.9328179906047942,0.9320932499390788,0.09569172859191895,6.738898754119873,0.9288912248899296,0.9289120974760661,0.92942507319331,0.9289120974760661,25
DecisionTreeClassifier,0.8435545447161076,0.8435483469546589,0.84360645389244,0.8435545447161076,70.47467303276062,0.023511362075805665,0.8475756408909932,0.8475892080069626,0.8477159816936843,0.8475892080069626,25
BaggingClassifier,0.9011453171960035,0.9011133078471508,0.9016733571542902,0.9011453171960035,462.9980017662048,0.15114893913269042,0.9003196145200774,0.9003655352480419,0.9010973056843538,0.9003655352480419,25
RandomForestClassifier,0.9374543091544147,0.9374499740987736,0.9375794755678211,0.9374543091544147,87.57760276794434,0.21857624053955077,0.9337400425087565,0.9337510879025238,0.934032844073059,0.9337510879025238,25
ExtraTreesClassifier,0.9377792218341321,0.9377675646383361,0.9381137988966163,0.9377792218341321,12.768302536010742,0.2684914588928223,0.9343635625690494,0.9343777197563098,0.934738505930142,0.9343777197563098,25
AdaBoostClassifier,0.867679311185119,0.8676792954701439,0.8676793828045236,0.867679311185119,165.86626343727113,0.3006627082824707,0.863321720703747,0.8633246301131419,0.8633561856944727,0.8633246301131419,25
GradientBoostingClassifier,0.9117049792868167,0.9117049792868167,0.9117050875648091,0.9117049792868167,835.6240850448609,0.06600189208984375,0.9090320237466575,0.9090339425587468,0.9090672933381828,0.9090339425587468,25
