description,test_accuracy,test_f1_score,test_precision,test_recall,fit_time,score_time,train_f1_weighted,train_recall_weighted,train_precision_weighted,train_accuracy,iteration
KNeighborsClassifier,0.9162537568028593,0.9162302041736495,0.916695647806621,0.9162537568028593,0.456310510635376,26.180172872543334,0.9064188051654118,0.9064577893820716,0.9071507227086049,0.9064577893820716,42
DecisionTreeClassifier,0.790512549752254,0.7905125884538992,0.7905131383053554,0.790512549752254,214.66090502738953,0.05330371856689453,0.7826871212823929,0.782697998259356,0.7827559036147809,0.782697998259356,42
BaggingClassifier,0.8572821054341646,0.8570864977755117,0.859306689966341,0.8572821054341646,1361.4278854846955,0.5261668205261231,0.8533151039670518,0.8535422106179287,0.8557119115878233,0.8535422106179287,42
RandomForestClassifier,0.9039070749736009,0.9038971071910018,0.9040919143036212,0.9039070749736009,162.92906007766723,0.2969332218170166,0.8999699810684382,0.8999825935596171,0.9001809979981384,0.8999825935596171,42
ExtraTreesClassifier,0.9048818130127528,0.9048624983460757,0.9052346720197217,0.9048818130127528,26.416319274902342,0.34996557235717773,0.9010037974992582,0.9010269799825936,0.9013955329408745,0.9010269799825936,42
AdaBoostClassifier,0.8014783526927138,0.8014705246797323,0.8015175313008583,0.8014783526927138,657.1857439517975,1.029619312286377,0.8057674173518142,0.8057789382071366,0.8058508006670401,0.8057789382071366,42
GradientBoostingClassifier,0.870847209812363,0.8708464939987939,0.8708523975506602,0.870847209812363,3315.608530521393,0.1617288589477539,0.8685350473816369,0.8685465622280244,0.8686772985488551,0.8685465622280244,42
