description,test_accuracy,test_f1_score,test_precision,test_recall,fit_time,score_time,train_f1_weighted,train_recall_weighted,train_precision_weighted,train_accuracy,iteration
KNeighborsClassifier,0.9328243034684428,0.9328036926503291,0.9331958029523381,0.9328243034684428,0.09601836204528809,6.74157190322876,0.9275379683841198,0.9275543951261966,0.92800938378955,0.9275543951261966,26
DecisionTreeClassifier,0.8502152546503128,0.8502004317736765,0.850280603699887,0.8502152546503128,71.82695660591125,0.02310786247253418,0.8447319941777931,0.8447345517841601,0.8447737616203994,0.8447345517841601,26
BaggingClassifier,0.9013077735358622,0.9012730817939234,0.9021001872218473,0.9013077735358622,465.4807495117187,0.15039329528808593,0.8999620856337719,0.900017406440383,0.9008081255615494,0.900017406440383,26
RandomForestClassifier,0.9349362358866055,0.9349284222195045,0.9352986301283462,0.9349362358866055,88.24405245780945,0.19381375312805177,0.9320346223552892,0.9320452567449957,0.9322673581209802,0.9320452567449957,26
ExtraTreesClassifier,0.9370481683047681,0.9370373138116496,0.9375263785962639,0.9370481683047681,12.481716632843018,0.22620368003845215,0.9339777552093198,0.933994778067885,0.9343749093567908,0.933994778067885,26
AdaBoostClassifier,0.8649175534075217,0.864918141663713,0.8649201109634344,0.8649175534075217,165.6345428943634,0.29758448600769044,0.8650993374183311,0.8651000870322019,0.865111706982766,0.8651000870322019,26
GradientBoostingClassifier,0.9108926975875233,0.9108923260147402,0.9109669760229929,0.9108926975875233,838.1253548622132,0.06523051261901855,0.9087169633959251,0.9087206266318537,0.908768900105829,0.9087206266318537,26
