description,test_accuracy,test_f1_score,test_precision,test_recall,fit_time,score_time,train_f1_weighted,train_recall_weighted,train_precision_weighted,train_accuracy,iteration
KNeighborsClassifier,0.9385102753634961,0.9384861352239228,0.9391011157471053,0.9385102753634961,0.09660658836364747,6.6847821235656735,0.9311529962156107,0.9311749347258486,0.9317506022221942,0.9311749347258486,16
DecisionTreeClassifier,0.8426610348468849,0.842658491358538,0.8426695703876367,0.8426610348468849,62.31052565574646,0.022980785369873045,0.8372066245743441,0.8372149695387293,0.8372939638871101,0.8372149695387293,16
BaggingClassifier,0.9030947932743075,0.9030679815681286,0.9036344175748042,0.9030947932743075,414.0025757312775,0.15054621696472167,0.8954081254561593,0.8954569190600523,0.8961603242438381,0.8954569190600523,16
RandomForestClassifier,0.9401348387620827,0.9401320721588406,0.9402609458246564,0.9401348387620827,85.15212440490723,0.19540796279907227,0.9359752402204095,0.9359791122715405,0.9360672743867257,0.9359791122715405,16
ExtraTreesClassifier,0.9412720331410933,0.9412646104662151,0.9415635055354349,0.9412720331410933,12.585795164108276,0.22985434532165527,0.9368759231707908,0.9368842471714534,0.9370915985089223,0.9368842471714534,16
AdaBoostClassifier,0.8698724717732109,0.8698716526694091,0.8698745528172065,0.8698724717732109,164.46776657104493,0.2981101989746094,0.8679850653959779,0.8679895561357703,0.8680388610151641,0.8679895561357703,16
GradientBoostingClassifier,0.9131670863455447,0.9131672547856883,0.9131727373571962,0.9131670863455447,827.7393273830414,0.06902427673339843,0.9137326984511237,0.913733681462141,0.9137564774227664,0.913733681462141,16
