description,test_accuracy,test_f1_score,test_precision,test_recall,fit_time,score_time,train_f1_weighted,train_recall_weighted,train_precision_weighted,train_accuracy,iteration
KNeighborsClassifier,0.9177158638615872,0.9176866791614211,0.9181377110796145,0.9177158638615872,0.47379298210144044,26.422285747528075,0.9050021311684068,0.9050304612706702,0.9055761136362186,0.9050304612706702,26
DecisionTreeClassifier,0.793924132889286,0.7939201895229286,0.7939250576391164,0.793924132889286,217.31332392692565,0.053217506408691405,0.7839999000202831,0.7840208877284596,0.7841715960303429,0.7840208877284596,26
BaggingClassifier,0.8627243928194298,0.8625772035683476,0.8646426087244581,0.8627243928194298,1395.8331510543824,0.5228629112243652,0.852194152315702,0.8524281984334203,0.8545154707654051,0.8524281984334203,26
RandomForestClassifier,0.9043132158232475,0.9043068504124752,0.9045411776409489,0.9043132158232475,162.49684495925902,0.2965972900390625,0.8979136294584842,0.89792863359443,0.8981149420140009,0.89792863359443,26
ExtraTreesClassifier,0.9068312890910568,0.9068217540944701,0.9071381460012123,0.9068312890910568,27.05200834274292,0.3700908660888672,0.8978706350996684,0.8978938207136642,0.8982069142480145,0.8978938207136642,26
AdaBoostClassifier,0.8052148485094631,0.8052151929520498,0.8052157074069695,0.8052148485094631,658.5845832824707,1.0348820686340332,0.8004791551535895,0.8004873803307223,0.8005483991422595,0.8004873803307223,26
GradientBoostingClassifier,0.8740151084396068,0.8740080901932752,0.8740468583228956,0.8740151084396068,3316.1998986721037,0.15286264419555665,0.8682939771928785,0.8683028720626631,0.8684252444893144,0.8683028720626631,26
