description,test_accuracy,test_f1_score,test_precision,test_recall,fit_time,score_time,train_f1_weighted,train_recall_weighted,train_precision_weighted,train_accuracy,iteration
KNeighborsClassifier,0.9357485175858988,0.9357420184938884,0.9363280696165217,0.9357485175858988,0.09622836112976074,6.666745138168335,0.9315985213310247,0.931627502175805,0.932181692658299,0.931627502175805,15
DecisionTreeClassifier,0.8453415644545529,0.8453377248231144,0.8453392852074495,0.8453415644545529,68.39111776351929,0.022957992553710938,0.8409329759138873,0.840939947780679,0.8409765136021955,0.840939947780679,15
BaggingClassifier,0.9048818130127528,0.9047919042789558,0.9058610179849627,0.9048818130127528,422.04968214035034,0.15131821632385253,0.897547708618243,0.8975805047867711,0.8982824252525401,0.8975805047867711,15
RandomForestClassifier,0.940703435951588,0.940694758060443,0.9407912193499057,0.940703435951588,85.63349461555481,0.20764856338500975,0.9351078900851016,0.9351087902523932,0.9351896844708716,0.9351087902523932,15
ExtraTreesClassifier,0.9429778247096093,0.9429625939210006,0.9431915332960581,0.9429778247096093,12.88845944404602,0.2789057731628418,0.9360459289730428,0.9360487380330722,0.9362024934108337,0.9360487380330722,15
AdaBoostClassifier,0.8723093168710909,0.8723120114714369,0.8723224878016448,0.8723093168710909,165.5895673274994,0.2988436222076416,0.8650987378981586,0.8651000870322021,0.8651131964922909,0.8651000870322021,15
GradientBoostingClassifier,0.9148728779140606,0.9148652189348684,0.9149070315740679,0.9148728779140606,834.1890377998352,0.06679415702819824,0.9108404345493583,0.9108442123585727,0.9108766314342995,0.9108442123585727,15
