description,test_accuracy,test_f1_score,test_precision,test_recall,fit_time,score_time,train_f1_weighted,train_recall_weighted,train_precision_weighted,train_accuracy,iteration
KNeighborsClassifier,0.9355860612460402,0.9355620024177637,0.936057529090339,0.9355860612460402,0.09447336196899414,6.6937158584594725,0.9299707270068005,0.9299912967798084,0.9305721808788157,0.9299912967798084,26
DecisionTreeClassifier,0.8422548939972383,0.8422478678413703,0.842273256670303,0.8422548939972383,65.69527544975281,0.02362217903137207,0.8395767950810461,0.8395822454308094,0.8396413766468094,0.8395822454308094,26
BaggingClassifier,0.9020388270652262,0.9019909209870687,0.9030890497950154,0.9020388270652262,417.94914879798887,0.1408386707305908,0.8985089706816449,0.898555265448216,0.8991889639564657,0.898555265448216,26
RandomForestClassifier,0.9359109739257575,0.9359066200062273,0.936154892275238,0.9359109739257575,85.47882080078125,0.20520377159118652,0.9328418989720989,0.9328459530026109,0.9329254334898003,0.9328459530026109,26
ExtraTreesClassifier,0.9375355373243441,0.9375303663676934,0.9378149079188536,0.9375355373243441,12.789869689941407,0.2352083683013916,0.9353769387145983,0.9353872932985204,0.9356189968100177,0.9353872932985204,26
AdaBoostClassifier,0.8635366745187231,0.8635375929293763,0.8635430694518081,0.8635366745187231,165.22028732299805,0.2870579719543457,0.8622762657321941,0.8622802436901654,0.8623116558434395,0.8622802436901654,26
GradientBoostingClassifier,0.9169848103322232,0.9169850863981525,0.9169861369119497,0.9169848103322232,830.0754230499267,0.06558928489685059,0.9126179973228211,0.9126196692776327,0.9126478518351011,0.9126196692776327,26
