description,test_accuracy,test_f1_score,test_precision,test_recall,fit_time,score_time,train_f1_weighted,train_recall_weighted,train_precision_weighted,train_accuracy,iteration
KNeighborsClassifier,0.93802290634392,0.9379969210453828,0.9385655620797477,0.93802290634392,0.0940359115600586,6.643091440200806,0.9311861280612819,0.9312097476066145,0.9318817541498955,0.9312097476066145,26
DecisionTreeClassifier,0.8422548939972383,0.8422522689248974,0.8422571577536264,0.8422548939972383,55.09389662742615,0.02300581932067871,0.8319133973998227,0.831923411662315,0.8320251904296088,0.831923411662315,26
BaggingClassifier,0.9035821622938836,0.903549448855951,0.904355167921244,0.9035821622938836,375.7999659538269,0.1416016101837158,0.8959667713531501,0.8960139251523064,0.8966456527636548,0.8960139251523064,26
RandomForestClassifier,0.9377792218341321,0.9377781355568312,0.9378959104727069,0.9377792218341321,81.56044373512267,0.2025169849395752,0.9324946187878647,0.9324978241949522,0.9325607276819333,0.9324978241949522,26
ExtraTreesClassifier,0.9408658922914467,0.9408584605948073,0.9412446118868162,0.9408658922914467,12.672948122024536,0.23792767524719238,0.9336044866153689,0.9336118363794604,0.9337642353102288,0.9336118363794604,26
AdaBoostClassifier,0.8645114125578751,0.8645125121357198,0.8645238790067259,0.8645114125578751,130.67092113494874,0.2982767581939697,0.859488391896825,0.8594952132288947,0.8595851112891904,0.8594952132288947,26
GradientBoostingClassifier,0.9136544553651206,0.9136533546253789,0.9136575712372847,0.9136544553651206,734.6050327777863,0.06574950218200684,0.9094490866025022,0.9094516971279374,0.909517086311966,0.9094516971279374,26
