description,test_accuracy,test_f1_score,test_precision,test_recall,fit_time,score_time,train_f1_weighted,train_recall_weighted,train_precision_weighted,train_accuracy,iteration
KNeighborsClassifier,0.8902607424254732,0.890009400990979,0.8938398941506907,0.8902607424254732,0.09797110557556152,6.684539699554444,0.8849952432568085,0.8852219321148826,0.8882805362687106,0.8852219321148826,28
DecisionTreeClassifier,0.8149622289009829,0.8149552720426361,0.8150072128620368,0.8149622289009829,58.77060027122498,0.02310805320739746,0.8085361029870908,0.8085639686684074,0.8087475331666258,0.8085639686684074,28
BaggingClassifier,0.8766956380472748,0.8766404067689625,0.8773805868815179,0.8766956380472748,374.34125447273254,0.15664544105529785,0.8723759145699616,0.8724456048738034,0.8732490550861298,0.8724456048738034,28
RandomForestClassifier,0.9049630411826821,0.9049624968951994,0.9049713152703344,0.9049630411826821,82.55488519668579,0.2206803798675537,0.9004310498518147,0.9004351610095735,0.9005025109196954,0.9004351610095735,28
ExtraTreesClassifier,0.9074811144504914,0.9074747019200856,0.9075904791255239,0.9074811144504914,13.32814040184021,0.29720182418823243,0.9032468412403585,0.9032550043516101,0.9033935683697292,0.9032550043516101,28
AdaBoostClassifier,0.8277962797498173,0.8277492165408284,0.8281482917802135,0.8277962797498173,164.9992947101593,0.2977243423461914,0.8180983850184582,0.8181375108790252,0.8184100491596263,0.8181375108790252,28
GradientBoostingClassifier,0.8732028267403136,0.8731872387424466,0.8733817458880009,0.8732028267403136,832.4674757480622,0.06549568176269531,0.8717810506391466,0.8718189730200174,0.872265661816637,0.8718189730200174,28
