description,test_accuracy,test_f1_score,test_precision,test_recall,fit_time,score_time,train_f1_weighted,train_recall_weighted,train_precision_weighted,train_accuracy,iteration
KNeighborsClassifier,0.9329055316383722,0.9328794073635841,0.9334829889878162,0.9329055316383722,0.09453067779541016,6.80213303565979,0.9306336931202356,0.9306527415143604,0.9311595631769363,0.9306527415143604,22
DecisionTreeClassifier,0.8466412151734222,0.8466302616678464,0.8467058476560655,0.8466412151734222,65.03107328414917,0.023102664947509767,0.8364011601880806,0.8364142732811141,0.8365360488209861,0.8364142732811141,22
BaggingClassifier,0.9035821622938836,0.9035446247326615,0.9043205221481736,0.9035821622938836,424.6184504032135,0.13933095932006836,0.8968165283924578,0.8968842471714534,0.8978724470485476,0.8968842471714534,22
RandomForestClassifier,0.9376979936642027,0.9376971123250063,0.9377517808770018,0.9376979936642027,85.16988701820374,0.19700155258178711,0.9334669184726133,0.9334725848563968,0.9336044214476414,0.9334725848563968,22
ExtraTreesClassifier,0.9394037852327187,0.9393984809469703,0.9396158430941636,0.9394037852327187,12.654843711853028,0.2300976276397705,0.9346804280043601,0.9346910356832028,0.9349461926872777,0.9346910356832028,22
AdaBoostClassifier,0.8677605393550484,0.8677586686209987,0.8677685243331491,0.8677605393550484,164.62112584114075,0.30186285972595217,0.8614398378641207,0.8614447345517842,0.8614991977269533,0.8614447345517842,22
GradientBoostingClassifier,0.9134107708553326,0.9134093105202946,0.913423472444415,0.9134107708553326,828.9539199352264,0.06801204681396485,0.9118184814655728,0.9118189730200175,0.9118332534032494,0.9118189730200175,22
