description,test_accuracy,test_f1_score,test_precision,test_recall,fit_time,score_time,train_f1_weighted,train_recall_weighted,train_precision_weighted,train_accuracy,iteration
KNeighborsClassifier,0.8928600438632117,0.8926698522597549,0.8954561480821601,0.8928600438632117,0.10161666870117188,7.038722848892212,0.8868028081097222,0.8869973890339425,0.8897498362642869,0.8869973890339425,22
DecisionTreeClassifier,0.8145560880513362,0.8145493017818308,0.814579936934268,0.8145560880513362,66.19831442832947,0.024222278594970705,0.8092522928932058,0.809260226283725,0.8093107958232449,0.809260226283725,22
BaggingClassifier,0.8766956380472748,0.876652649468693,0.8773220988694936,0.8766956380472748,398.8909255504608,0.1634687900543213,0.8689671800818548,0.8690339425587468,0.8697511282513176,0.8690339425587468,22
RandomForestClassifier,0.9039883031435302,0.9039781976292307,0.9041124897990135,0.9039883031435302,86.54906296730042,0.23890209197998047,0.8977865402852061,0.8977893820713664,0.8978452879703923,0.8977893820713664,22
ExtraTreesClassifier,0.9059377792218342,0.9059217786349961,0.9061538279177144,0.9059377792218342,13.980297565460205,0.3007498264312744,0.8995590900549126,0.8995648389904265,0.8996727099805689,0.8995648389904265,22
AdaBoostClassifier,0.824547152952644,0.8244765620488586,0.8249823317772341,0.824547152952644,172.84941606521608,0.3035848140716553,0.8216516557201932,0.8216884247171453,0.8219846521881712,0.8216884247171453,22
GradientBoostingClassifier,0.8735277394200308,0.8734300233469401,0.8745531990261542,0.8735277394200308,870.1622786998748,0.06684184074401855,0.8708780498386307,0.8709138381201045,0.8713637222745666,0.8709138381201045,22
