description,test_accuracy,test_f1_score,test_precision,test_recall,fit_time,score_time,train_f1_weighted,train_recall_weighted,train_precision_weighted,train_accuracy,iteration
KNeighborsClassifier,0.8988709284379823,0.8987151448559112,0.9010506124618062,0.8988709284379823,0.09579010009765625,6.656439113616943,0.8849059778052408,0.8850826805918188,0.8875845308157737,0.8850826805918188,13
DecisionTreeClassifier,0.8080578344569896,0.8080435371668144,0.8081027160531922,0.8080578344569896,57.29300184249878,0.02289872169494629,0.7998598673847838,0.7998607484769364,0.7998711812380607,0.7998607484769364,13
BaggingClassifier,0.8770205507269921,0.8769340389302244,0.8783015626875416,0.8770205507269921,357.28309364318847,0.15514035224914552,0.8710020565100851,0.8710879025239338,0.872001996268577,0.8710879025239338,13
RandomForestClassifier,0.9113800666070994,0.9113794701788867,0.9113815798407986,0.9113800666070994,81.10509190559387,0.20298824310302735,0.9022451914143149,0.9022454308093995,0.9022563805364833,0.9022454308093995,13
ExtraTreesClassifier,0.9121923483063926,0.9121927225733879,0.9121974423142762,0.9121923483063926,13.068458557128906,0.24037322998046876,0.9048202769880627,0.9048215839860749,0.9048533359246971,0.9048215839860749,13
AdaBoostClassifier,0.8147185443911948,0.8147104655090671,0.8147398164779501,0.8147185443911948,165.1309983253479,0.29343624114990235,0.8139807631069512,0.8139947780678851,0.8141081748256477,0.8139947780678851,13
GradientBoostingClassifier,0.8744212492892535,0.8743807951827787,0.8747841263004162,0.8744212492892535,835.2058953285217,0.06644864082336426,0.8707325851711353,0.8707745865970409,0.8713179473151909,0.8707745865970409,13
