description,test_accuracy,test_f1_score,test_precision,test_recall,fit_time,score_time,train_f1_weighted,train_recall_weighted,train_precision_weighted,train_accuracy,iteration
KNeighborsClassifier,0.9341239541873122,0.9341167813144235,0.9347229534778209,0.9341239541873122,0.09781002998352051,6.696723318099975,0.9262331721300979,0.926266318537859,0.9268421865113862,0.926266318537859,15
DecisionTreeClassifier,0.8447729672650475,0.8447765317862471,0.8447894717058786,0.8447729672650475,72.38444652557374,0.023207664489746094,0.8408595555233884,0.8408703220191469,0.8409144871435646,0.8408703220191469,15
BaggingClassifier,0.9021200552351556,0.9020275360001211,0.9030904871616009,0.9021200552351556,455.0242150306702,0.15614962577819824,0.8939215953247155,0.8939599651871193,0.8947289598690797,0.8939599651871193,15
RandomForestClassifier,0.9372918528145561,0.9372717710014179,0.9375608659992348,0.9372918528145561,88.28255562782287,0.2237245559692383,0.9305789335458924,0.9305831157528285,0.930784779813918,0.9305831157528285,15
ExtraTreesClassifier,0.9405409796117293,0.9405185237415999,0.940881118254749,0.9405409796117293,12.487167644500733,0.22776217460632325,0.9322814068577756,0.9322889469103568,0.9326117309933327,0.9322889469103568,15
AdaBoostClassifier,0.8633742181788644,0.8633619258095885,0.8633963181792377,0.8633742181788644,165.58874616622924,0.2984907627105713,0.8601212447649434,0.8601218450826806,0.8601415116084115,0.8601218450826806,15
GradientBoostingClassifier,0.9116237511168873,0.911610426575644,0.91170346760027,0.9116237511168873,835.528915977478,0.06489853858947754,0.9076416282020918,0.9076414273281113,0.9076743229040432,0.9076414273281113,15
