description,test_accuracy,test_f1_score,test_precision,test_recall,fit_time,score_time,train_f1_weighted,train_recall_weighted,train_precision_weighted,train_accuracy,iteration
KNeighborsClassifier,0.897083908699537,0.8968975742935966,0.8995606953884185,0.897083908699537,0.09700379371643067,6.698876857757568,0.8841769656031253,0.8843516100957354,0.8868575717729437,0.8843516100957354,26
DecisionTreeClassifier,0.8073267809276257,0.8073232567645044,0.8073280855473641,0.8073267809276257,61.36612434387207,0.023401927947998048,0.8096697297285103,0.8096779808529156,0.8097505832771216,0.8096779808529156,26
BaggingClassifier,0.8757209000081229,0.8756876347243993,0.8763206718812607,0.8757209000081229,390.8928128242493,0.15672926902770995,0.8680016936317188,0.868059181897302,0.8686196075889934,0.868059181897302,26
RandomForestClassifier,0.9046381285029649,0.9046345341817873,0.9046584485777335,0.9046381285029649,82.22552552223206,0.2257779598236084,0.897399166523865,0.8974064403829418,0.8975446584047878,0.8974064403829418,26
ExtraTreesClassifier,0.9073186581106327,0.9073119611020647,0.907372631525235,0.9073186581106327,13.401168870925904,0.30863223075866697,0.9009503436590538,0.9009573542210617,0.9011062134596068,0.9009573542210617,26
AdaBoostClassifier,0.8213792543254,0.8213503727144119,0.8214909402112502,0.8213792543254,165.1079298019409,0.2971531867980957,0.816012276548064,0.8160487380330721,0.8163518310210094,0.8160487380330721,26
GradientBoostingClassifier,0.8755584436682642,0.875522037428926,0.8758520878902142,0.8755584436682642,833.0859529972076,0.06509337425231934,0.8736583235368436,0.8736988685813751,0.8742585262542819,0.8736988685813751,26
