description,test_accuracy,test_f1_score,test_precision,test_recall,fit_time,score_time,train_f1_weighted,train_recall_weighted,train_precision_weighted,train_accuracy,iteration
KNeighborsClassifier,0.9364795711152628,0.9364442118438,0.9373936729749338,0.9364795711152628,0.09406490325927734,6.712790679931641,0.9323699311914663,0.9323933855526546,0.9330182064298252,0.9323933855526546,24
DecisionTreeClassifier,0.8371375192916903,0.8371006115699228,0.8374100577908324,0.8371375192916903,63.2164909362793,0.023253631591796876,0.8359222592891072,0.8359268929503916,0.8359671933747956,0.8359268929503916,24
BaggingClassifier,0.9065876045812687,0.906574599504506,0.90684546472749,0.9065876045812687,393.6553800582886,0.14339065551757812,0.9006006537756821,0.9006440382941688,0.9013174849770917,0.9006440382941688,24
RandomForestClassifier,0.9389976443830721,0.9389974117394804,0.9390007601641028,0.9389976443830721,81.14282279014587,0.2035952091217041,0.93489817791339,0.9348999129677982,0.934941022964024,0.9348999129677982,24
ExtraTreesClassifier,0.939972382422224,0.9399724030175103,0.939974519873857,0.939972382422224,12.848376750946045,0.2826091289520264,0.9364628244397878,0.9364664926022629,0.9365623568810006,0.9364664926022629,24
AdaBoostClassifier,0.8647550970676631,0.8647210464272697,0.8650863916483439,0.8647550970676631,130.54555220603942,0.30701537132263185,0.8655137463393909,0.8655178416013924,0.865566512733432,0.8655178416013924,24
GradientBoostingClassifier,0.9123548046462513,0.9123448453015267,0.9125171076316414,0.9123548046462513,731.225317287445,0.0691441535949707,0.9104954734741412,0.9104960835509137,0.9105092163004075,0.9104960835509137,24
