description,test_accuracy,test_f1_score,test_precision,test_recall,fit_time,score_time,train_f1_weighted,train_recall_weighted,train_precision_weighted,train_accuracy,iteration
KNeighborsClassifier,0.8881488100073105,0.8879472343939011,0.8905204991532224,0.8881488100073105,0.09953231811523437,7.014378786087036,0.8860749127849136,0.8863011314186249,0.8896058720849018,0.8863011314186249,20
DecisionTreeClassifier,0.8147185443911948,0.8147200236087372,0.8147540250019959,0.8147185443911948,62.51524839401245,0.02396988868713379,0.8102608829579128,0.8102697998259355,0.8103473694608463,0.8102697998259355,20
BaggingClassifier,0.8723905450410202,0.8723337573112212,0.8733217076967271,0.8723905450410202,400.16614708900454,0.16174378395080566,0.8704503840225646,0.8705308964316798,0.8713466921495643,0.8705308964316798,20
RandomForestClassifier,0.9026886524246609,0.9026893843907908,0.9026948811448419,0.9026886524246609,87.24947052001953,0.2151576042175293,0.8994914582054415,0.8994952132288947,0.8995890148844985,0.8994952132288947,20
ExtraTreesClassifier,0.9035821622938836,0.903578669397348,0.9035993258343846,0.9035821622938836,13.634454441070556,0.2855061531066895,0.9020952870293748,0.9021061792863361,0.9023420147011191,0.9021061792863361,20
AdaBoostClassifier,0.8169117049792868,0.8168846531918982,0.8170027276212246,0.8169117049792868,174.28623733520507,0.29943575859069826,0.8223588612570542,0.822384682332463,0.8226290741606995,0.822384682332463,20
GradientBoostingClassifier,0.8727154577207376,0.8726676973396226,0.873095149327664,0.8727154577207376,876.903992843628,0.06604938507080078,0.8740862030846485,0.8741166231505657,0.8745596297398224,0.8741166231505657,20
