description,test_accuracy,test_f1_score,test_precision,test_recall,fit_time,score_time,train_f1_weighted,train_recall_weighted,train_precision_weighted,train_accuracy,iteration
KNeighborsClassifier,0.93680448379498,0.9367898587553275,0.9371672586183869,0.93680448379498,0.09705371856689453,6.739218854904175,0.9321684192632234,0.9321845082680591,0.9326139272758388,0.9321845082680591,14
DecisionTreeClassifier,0.8424985785070263,0.842491598871304,0.8425438740419239,0.8424985785070263,63.2985016822815,0.0229489803314209,0.8362313766532757,0.8362402088772847,0.8363199530458761,0.8362402088772847,14
BaggingClassifier,0.9056128665421168,0.9055780781161673,0.9062674758517179,0.9056128665421168,424.2981445789337,0.15618667602539063,0.8969386025451271,0.896988685813751,0.8977386540257557,0.896988685813751,14
RandomForestClassifier,0.93802290634392,0.9380182173032193,0.9381830225906069,0.93802290634392,85.47507886886596,0.21077394485473633,0.9333651247960464,0.9333681462140992,0.9334384102991438,0.9333681462140992,14
ExtraTreesClassifier,0.9400536105921533,0.9400458376023155,0.9403173157364092,0.9400536105921533,12.582259845733642,0.22850289344787597,0.9361106564478577,0.9361183637946041,0.9363142344513626,0.9361183637946041,14
AdaBoostClassifier,0.868410364714483,0.8684049553559767,0.8684557060202432,0.868410364714483,164.70810084342958,0.3009757995605469,0.8663517404888499,0.8663533507397737,0.8663703506787245,0.8663533507397737,14
GradientBoostingClassifier,0.9155227032734953,0.9155209106782143,0.9155469555425274,0.9155227032734953,827.5358975887299,0.06658687591552734,0.9116437651416873,0.9116449086161881,0.911665027263455,0.9116449086161881,14
