description,test_accuracy,test_f1_score,test_precision,test_recall,fit_time,score_time,train_f1_weighted,train_recall_weighted,train_precision_weighted,train_accuracy,iteration
KNeighborsClassifier,0.8906668832751198,0.8904582562612697,0.8941493979936183,0.8906668832751198,0.09657230377197265,6.647070646286011,0.8850107285277785,0.8852219321148824,0.8878735304966237,0.8852219321148824,27
DecisionTreeClassifier,0.8193485500771668,0.8193465118530601,0.8194320585919961,0.8193485500771668,61.193326997756955,0.02393178939819336,0.814477003034699,0.8144821583986074,0.8145059459740501,0.8144821583986074,27
BaggingClassifier,0.8793761676549428,0.8793445228640214,0.8796368154447642,0.8793761676549428,379.6750443458557,0.1556692600250244,0.8710847247209109,0.8711227154046997,0.8716351280101773,0.8711227154046997,27
RandomForestClassifier,0.9017951425554382,0.90178979936501,0.901995007756123,0.9017951425554382,83.15858192443848,0.20575933456420897,0.900252428245689,0.900261096605744,0.9003664980929067,0.900261096605744,27
ExtraTreesClassifier,0.9087807651693607,0.9087734943218555,0.9090397516881659,0.9087807651693607,13.098899793624877,0.26902189254760744,0.9029985887348688,0.903011314186249,0.9031786154200804,0.903011314186249,27
AdaBoostClassifier,0.8183738120380147,0.8183444488865665,0.8187301994692522,0.8183738120380147,166.17113704681395,0.2942032337188721,0.8206025876978853,0.8206440382941688,0.8208882220492513,0.8206440382941688,27
GradientBoostingClassifier,0.8716594915116562,0.871618627723879,0.8723443263829966,0.8716594915116562,837.2581962585449,0.06420063972473145,0.8729656832204113,0.8730026109660575,0.8733765851815136,0.8730026109660575,27
