description,test_accuracy,test_f1_score,test_precision,test_recall,fit_time,score_time,train_f1_weighted,train_recall_weighted,train_precision_weighted,train_accuracy,iteration
KNeighborsClassifier,0.8887986353667452,0.8885783053136171,0.8917899477098388,0.8887986353667452,0.09289655685424805,6.676492738723755,0.8902334739987736,0.8903742384682332,0.8924238245223067,0.8903742384682332,24
DecisionTreeClassifier,0.8019657217122899,0.8019400190844341,0.8020987874034958,0.8019657217122899,56.5140353679657,0.023211002349853516,0.7981434732549297,0.7981549173194082,0.7982311357971589,0.7981549173194082,24
BaggingClassifier,0.8699536999431403,0.8698823077817228,0.8708255383100664,0.8699536999431403,356.69859504699707,0.13745856285095215,0.869283719861086,0.8693820713664057,0.8704617497353629,0.8693820713664057,24
RandomForestClassifier,0.9079684834700674,0.9079636630095346,0.9080374688930491,0.9079684834700674,80.93067059516906,0.2014080047607422,0.9052034463026255,0.9052045256744995,0.9052263941669432,0.9052045256744995,24
ExtraTreesClassifier,0.9094305905287954,0.9094256303010008,0.9095033608310938,0.9094305905287954,13.044334983825683,0.2382340431213379,0.9058646966269934,0.9058659704090513,0.9058898526105436,0.9058659704090513,24
AdaBoostClassifier,0.807164324587767,0.8071530534749302,0.8072205746974103,0.807164324587767,164.1373022556305,0.29677586555480956,0.8133589698712331,0.8133681462140991,0.8134361649676253,0.8133681462140991,24
GradientBoostingClassifier,0.8685728210543416,0.8685084582304419,0.869244314067355,0.8685728210543416,826.3628118991852,0.06338887214660645,0.8691879512978089,0.8692428198433421,0.8698961470052529,0.8692428198433421,24
