description,test_accuracy,test_f1_score,test_precision,test_recall,fit_time,score_time,train_f1_weighted,train_recall_weighted,train_precision_weighted,train_accuracy,iteration
KNeighborsClassifier,0.9313621964097148,0.93134235449646,0.9316414538784107,0.9313621964097148,0.09584054946899415,6.714563274383545,0.9281637212446382,0.9281810269799825,0.9287197059897773,0.9281810269799825,4
DecisionTreeClassifier,0.8528957842579806,0.8528939496395365,0.8528946475952,0.8528957842579806,70.13091716766357,0.022986459732055663,0.8401358285757656,0.8401392515230637,0.8402105673397184,0.8401392515230637,4
BaggingClassifier,0.9021200552351556,0.9020942342624532,0.9028927149150381,0.9021200552351556,454.2851188659668,0.1506519317626953,0.8972068739299605,0.8972671888598782,0.8980483200487326,0.8972671888598782,4
RandomForestClassifier,0.9343676386971002,0.9343655808603477,0.9346192487923233,0.9343676386971002,88.3774163722992,0.2041135311126709,0.9319958273219633,0.9320104438642298,0.9322880626644764,0.9320104438642298,4
ExtraTreesClassifier,0.9359922020956868,0.9359863104509692,0.9364079145125696,0.9359922020956868,12.936215257644653,0.29123964309692385,0.9334526386042216,0.933472584856397,0.9338780820238692,0.933472584856397,4
AdaBoostClassifier,0.8605312322313379,0.8605338456755031,0.8605937030249329,0.8605312322313379,165.85977363586426,0.2935821533203125,0.8650628885964924,0.865065274151436,0.8650821166949122,0.865065274151436,4
GradientBoostingClassifier,0.9104865567378767,0.9104878962502813,0.9105740141168658,0.9104865567378767,837.9899298667908,0.06655378341674804,0.9079837740130389,0.9079895561357703,0.9080628018144112,0.9079895561357703,4
