description,test_accuracy,test_f1_score,test_precision,test_recall,fit_time,score_time,train_f1_weighted,train_recall_weighted,train_precision_weighted,train_accuracy,iteration
KNeighborsClassifier,0.8902607424254732,0.8900841207294347,0.8927563104256224,0.8902607424254732,0.09419727325439453,6.785527992248535,0.8860798291783635,0.886266318537859,0.8888214116645269,0.886266318537859,10
DecisionTreeClassifier,0.7997725611241979,0.7997690654163834,0.799790910858126,0.7997725611241979,54.91832895278931,0.023114728927612304,0.7942086899664255,0.7942210617928633,0.7942970339091026,0.7942210617928633,10
BaggingClassifier,0.8733652830801722,0.8733231632900706,0.8738756191570124,0.8733652830801722,366.0456019878387,0.13336877822875975,0.8715325551106657,0.8716100957354221,0.8725125379009209,0.8716100957354221,10
RandomForestClassifier,0.9047193566728942,0.9047147646824717,0.9047924329977509,0.9047193566728942,81.17640366554261,0.1998525619506836,0.9032532888369607,0.90325500435161,0.9032837881931945,0.90325500435161,10
ExtraTreesClassifier,0.9074811144504914,0.9074804331924551,0.9074912603648436,0.9074811144504914,13.017821455001831,0.23472895622253417,0.9054116697379199,0.905413402959095,0.9054429695575342,0.905413402959095,10
AdaBoostClassifier,0.8077329217772724,0.8077284384976754,0.8077585885084528,0.8077329217772724,165.25900502204894,0.30201144218444825,0.8120748268442307,0.8120800696257614,0.8121159733705252,0.8120800696257614,10
GradientBoostingClassifier,0.8691414182438469,0.8690719922112724,0.8699098920581617,0.8691414182438469,833.60628824234,0.06322860717773438,0.8705223669085079,0.8705657093124456,0.8710693639384667,0.8705657093124456,10
