description,test_accuracy,test_f1_score,test_precision,test_recall,fit_time,score_time,train_f1_weighted,train_recall_weighted,train_precision_weighted,train_accuracy,iteration
KNeighborsClassifier,0.9113800666070994,0.9113366276097332,0.912178041012505,0.9113800666070994,0.5444701671600342,26.38528971672058,0.9065616853722231,0.9065970409051349,0.9072197733501411,0.9065970409051349,28
DecisionTreeClassifier,0.7894565835431727,0.7894482426305689,0.7895000818988995,0.7894565835431727,214.95875616073607,0.05380191802978516,0.7805657020897883,0.780574412532637,0.7806179473917805,0.780574412532637,28
BaggingClassifier,0.8595564941921858,0.8594039629812324,0.8611375340513467,0.8595564941921858,1410.8654706001282,0.4565584659576416,0.8525752136530155,0.852811140121845,0.8550571369629291,0.852811140121845,28
RandomForestClassifier,0.9035009341239542,0.9034966018136815,0.90357640948878,0.9035009341239542,162.98610620498658,0.3076524257659912,0.9001152775074204,0.9001218450826807,0.9002262794055909,0.9001218450826807,28
ExtraTreesClassifier,0.9080497116399967,0.9080377352771571,0.9082674936303019,0.9080497116399967,27.46311469078064,0.3775156021118164,0.8988914516045385,0.8989033942558746,0.8990930742200336,0.8989033942558746,28
AdaBoostClassifier,0.8101697668751523,0.8101599592537759,0.8102310857279347,0.8101697668751523,661.4305827140809,1.0912978172302246,0.8043397253530182,0.8043516100957353,0.804424807596838,0.8043516100957353,28
GradientBoostingClassifier,0.8680854520347656,0.8680746323713551,0.8682024618440395,0.8680854520347656,3347.649785375595,0.18423171043395997,0.8666907420335372,0.8667014795474325,0.8668225828867634,0.8667014795474325,28
