description,test_accuracy,test_f1_score,test_precision,test_recall,fit_time,score_time,train_f1_weighted,train_recall_weighted,train_precision_weighted,train_accuracy,iteration
KNeighborsClassifier,0.8948095199415157,0.894682750202278,0.8969046332552725,0.8948095199415157,0.09673562049865722,6.7004741668701175,0.8831662303176555,0.8833420365535247,0.8855877516665739,0.8833420365535247,17
DecisionTreeClassifier,0.8156120542604175,0.8156099081314461,0.8156162004096217,0.8156120542604175,60.34483118057251,0.023156452178955077,0.8082039452207372,0.8082158398607484,0.8082841964419281,0.8082158398607484,17
BaggingClassifier,0.8759645845179108,0.8758796529433539,0.876872643281538,0.8759645845179108,379.65168528556825,0.15697550773620605,0.8677657044703484,0.8678503046127067,0.8688382808533701,0.8678503046127067,17
RandomForestClassifier,0.9088619933392901,0.9088621701308212,0.9088646976229534,0.9088619933392901,83.11453351974487,0.2318249225616455,0.8945837620162488,0.8945865970409053,0.8946251180767604,0.8945865970409053,17
ExtraTreesClassifier,0.910811469417594,0.9108115259104596,0.9108238900271065,0.910811469417594,13.306587409973144,0.2791455745697021,0.9002895676208041,0.90029590948651,0.9003860601065778,0.90029590948651,17
AdaBoostClassifier,0.8278775079197466,0.827858808752487,0.8280762724402773,0.8278775079197466,164.87994475364684,0.2991523742675781,0.8203303596045999,0.8203655352480418,0.8205927032292861,0.8203655352480418,17
GradientBoostingClassifier,0.8774266915766388,0.8774137911341507,0.8776444251803848,0.8774266915766388,831.2876118183136,0.06560249328613281,0.8709174255110048,0.8709486510008702,0.8712814221262025,0.8709486510008702,17
