description,test_accuracy,test_f1_score,test_precision,test_recall,fit_time,score_time,train_f1_weighted,train_recall_weighted,train_precision_weighted,train_accuracy,iteration
KNeighborsClassifier,0.8945658354317277,0.8943485057610195,0.8966045911349777,0.8945658354317277,0.09638190269470215,6.729161262512207,0.8865069533462308,0.8866840731070497,0.8896574525230525,0.8866840731070497,6
DecisionTreeClassifier,0.8119567866135976,0.8119592216541879,0.8119625247046318,0.8119567866135976,61.772029399871826,0.02320542335510254,0.8071596205004642,0.8071714534377721,0.8073104251718604,0.8071714534377721,6
BaggingClassifier,0.8747461619689708,0.8747242440860303,0.8758271114623488,0.8747461619689708,381.5824091911316,0.15125751495361328,0.8691165877606519,0.8692080069625762,0.8699327980502906,0.8692080069625762,6
RandomForestClassifier,0.9020388270652262,0.9020372946493562,0.9020369529481698,0.9020388270652262,82.9026611328125,0.2006742000579834,0.8971903457387415,0.8971975630983465,0.8973509962582537,0.8971975630983465,6
ExtraTreesClassifier,0.9087807651693607,0.9087671246976022,0.9088209950525599,0.9087807651693607,12.94084415435791,0.2396554470062256,0.9004641117895884,0.9004699738903394,0.900651817822298,0.9004699738903394,6
AdaBoostClassifier,0.8244659247827146,0.8244422565021164,0.8244704176829427,0.8244659247827146,166.03559765815734,0.29513797760009763,0.8207699546747023,0.8207832898172324,0.8209881300288469,0.8207832898172324,6
GradientBoostingClassifier,0.8745837056291121,0.8745537445423388,0.8746585393432235,0.8745837056291121,840.3591648578644,0.0659254550933838,0.8699941982637537,0.8700087032201914,0.8703425575367267,0.8700087032201914,6
