description,test_accuracy,test_f1_score,test_precision,test_recall,fit_time,score_time,train_f1_weighted,train_recall_weighted,train_precision_weighted,train_accuracy,iteration
KNeighborsClassifier,0.9376979936642027,0.9376802338634991,0.9380773157729245,0.9376979936642027,0.0961228847503662,6.670140504837036,0.9301845084138407,0.9302001740644039,0.9306397964374952,0.9302001740644039,13
DecisionTreeClassifier,0.8433108602063195,0.8433101323651289,0.8433107510903538,0.8433108602063195,69.50011024475097,0.023052453994750977,0.8337309279505674,0.8337336814621411,0.8337685439758982,0.8337336814621411,13
BaggingClassifier,0.9079684834700674,0.9079231369080061,0.9089653527396759,0.9079684834700674,434.53873257637025,0.15589385032653807,0.900669111021285,0.9007136640557005,0.9013676676567692,0.9007136640557005,13
RandomForestClassifier,0.9390788725530014,0.9390777317864437,0.9391682514631094,0.9390788725530014,85.69445929527282,0.19598956108093263,0.9347899928532332,0.9347954743255004,0.9349185844566105,0.9347954743255004,13
ExtraTreesClassifier,0.9386727317033547,0.9386636045356892,0.9390515958248152,0.9386727317033547,12.56599326133728,0.22984681129455567,0.9357623038269767,0.9357702349869452,0.9359516024182654,0.9357702349869452,13
AdaBoostClassifier,0.8649175534075217,0.8649169259321974,0.8649176795264291,0.8649175534075217,165.6558940410614,0.29744710922241213,0.8671145556573959,0.8671192341166233,0.8671663541530912,0.8671192341166233,13
GradientBoostingClassifier,0.913004630005686,0.9130047161066274,0.9130049106411566,0.913004630005686,835.237431192398,0.06712903976440429,0.9119557094908484,0.911958224543081,0.9120124821105626,0.911958224543081,13
