description,test_accuracy,test_f1_score,test_precision,test_recall,fit_time,score_time,train_f1_weighted,train_recall_weighted,train_precision_weighted,train_accuracy,iteration
KNeighborsClassifier,0.8909105677849078,0.8907026934539769,0.8927351291124489,0.8909105677849078,0.09507083892822266,6.641308689117432,0.8845063684219909,0.8846649260226283,0.8873345501599521,0.8846649260226283,6
DecisionTreeClassifier,0.8066769555681911,0.8066840647817686,0.8066995202621641,0.8066769555681911,54.573149824142455,0.023216438293457032,0.7963400307000273,0.7963446475195821,0.7964386708662594,0.7963446475195821,6
BaggingClassifier,0.8741775647794655,0.874108718899255,0.8761088571092155,0.8741775647794655,361.31723566055297,0.1586909770965576,0.8655155799685449,0.8656570931244559,0.8668236431836739,0.8656570931244559,6
RandomForestClassifier,0.9106490130777354,0.9106543789687529,0.9106922408466084,0.9106490130777354,80.36632170677186,0.20418572425842285,0.9008802651721799,0.90088772845953,0.9010173293828387,0.90088772845953,6
ExtraTreesClassifier,0.9112176102672407,0.9112243771184987,0.9113024379428233,0.9112176102672407,13.09086308479309,0.2400904655456543,0.9055788417420674,0.9055874673629243,0.9057382820281525,0.9055874673629243,6
AdaBoostClassifier,0.8095199415157176,0.8095234389633962,0.8095287419775016,0.8095199415157176,165.23426275253297,0.30518479347229005,0.8139208126288178,0.8139251523063532,0.8140211321238345,0.8139251523063532,6
GradientBoostingClassifier,0.8706035253025749,0.8705472920079744,0.8708120099233255,0.8706035253025749,837.2911863803863,0.06825718879699708,0.8705713842895657,0.8706005221932116,0.8711634719806858,0.8706005221932116,6
