description,test_accuracy,test_f1_score,test_precision,test_recall,fit_time,score_time,train_f1_weighted,train_recall_weighted,train_precision_weighted,train_accuracy,iteration
KNeighborsClassifier,0.9345300950369588,0.9344954265268006,0.934809690440005,0.9345300950369588,0.0965911865234375,6.6946768283844,0.9341245168844697,0.9341340295909486,0.9347326549618312,0.9341340295909486,19
DecisionTreeClassifier,0.8450978799447648,0.8450949528944071,0.8450929295643964,0.8450978799447648,59.50924859046936,0.022904300689697267,0.8349834580274612,0.8349869451697127,0.8350309863323485,0.8349869451697127,19
BaggingClassifier,0.900495491836569,0.9005003226227505,0.9014572674113136,0.900495491836569,382.0785890579224,0.1503901481628418,0.9013089323532455,0.9013751087902525,0.9020445640189905,0.9013751087902525,19
RandomForestClassifier,0.9359109739257575,0.9359192561771431,0.9360253729006134,0.9359109739257575,81.6550899028778,0.2026668071746826,0.9349619707549388,0.9349695387293299,0.9350548538646126,0.9349695387293299,19
ExtraTreesClassifier,0.9363171147754041,0.9363271000617788,0.9365932897342378,0.9363171147754041,12.837948274612426,0.27028374671936034,0.9363818687184647,0.9363968668407312,0.9365967469788028,0.9363968668407312,19
AdaBoostClassifier,0.8627243928194298,0.8627265751618093,0.8627294863906358,0.8627243928194298,130.85433673858643,0.2943702697753906,0.8625912460233014,0.8625935596170583,0.862654935572792,0.8625935596170583,19
GradientBoostingClassifier,0.9073186581106327,0.9073248153825052,0.9073473681485542,0.9073186581106327,736.2492565155029,0.06715273857116699,0.9115719665921068,0.9115752828546562,0.911645572733638,0.9115752828546562,19
