description,test_accuracy,test_f1_score,test_precision,test_recall,fit_time,score_time,train_f1_weighted,train_recall_weighted,train_precision_weighted,train_accuracy,iteration
KNeighborsClassifier,0.9104865567378767,0.9104344307130835,0.9113262954800357,0.9104865567378767,0.6016956806182862,26.392601251602173,0.9053741530676082,0.905413402959095,0.9061293153489534,0.905413402959095,22
DecisionTreeClassifier,0.7847453496872715,0.7847328305178416,0.7847833256074231,0.7847453496872715,204.46302886009215,0.05295271873474121,0.7758949964136423,0.7759094865100087,0.7759920177294093,0.7759094865100087,22
BaggingClassifier,0.8628868491592885,0.862728511461089,0.8647436552380389,0.8628868491592885,1391.3858194828033,0.5091324329376221,0.8537324418321115,0.8539251523063534,0.8557170504227297,0.8539251523063534,22
RandomForestClassifier,0.9067500609211274,0.9067410158742508,0.9069665817361815,0.9067500609211274,163.94404139518738,0.30428133010864256,0.8949252329293269,0.8949347258485639,0.8950584464692568,0.8949347258485639,22
ExtraTreesClassifier,0.9045569003330355,0.9045547113460068,0.9046270254924732,0.9045569003330355,26.691742849349975,0.3388737678527832,0.8956400135993648,0.8956657963446475,0.8960248887253387,0.8956657963446475,22
AdaBoostClassifier,0.8040776541304524,0.8040576869978238,0.804161522548382,0.8040776541304524,658.1997992515564,1.0184062480926515,0.8038221649789262,0.8038294168842471,0.8038832976999762,0.8038294168842471,22
GradientBoostingClassifier,0.868654049224271,0.8686325387207429,0.8688390513182619,0.868654049224271,3327.038488674164,0.1964810848236084,0.8682240901760361,0.8682332463011313,0.8683535518610682,0.8682332463011313,22
