description,test_accuracy,test_f1_score,test_precision,test_recall,fit_time,score_time,train_f1_weighted,train_recall_weighted,train_precision_weighted,train_accuracy,iteration
KNeighborsClassifier,0.911786207456746,0.9117354131340627,0.912563622315504,0.911786207456746,0.6422260284423829,26.576991605758668,0.9056175371222226,0.9056570931244561,0.9064084261862592,0.9056570931244561,13
DecisionTreeClassifier,0.7972544878563886,0.7972360006325303,0.7973105001234738,0.7972544878563886,230.83866477012634,0.052623558044433597,0.7818813723670084,0.7818973020017406,0.7820076163692183,0.7818973020017406,13
BaggingClassifier,0.8673543985054016,0.8672088267380639,0.8692376296427243,0.8673543985054016,1386.8388635635376,0.5226856708526612,0.8534744129218925,0.8537162750217581,0.8559432746701294,0.8537162750217581,13
RandomForestClassifier,0.9035009341239542,0.9034900329563933,0.9037844860473092,0.9035009341239542,162.5042579650879,0.3007071495056152,0.8940176404149975,0.894029590948651,0.894176983744796,0.894029590948651,13
ExtraTreesClassifier,0.9063439200714808,0.9063219247673135,0.9068636261872822,0.9063439200714808,26.500664281845093,0.336236572265625,0.8975668275534631,0.8975805047867711,0.8977613541330591,0.8975805047867711,13
AdaBoostClassifier,0.8066769555681911,0.8066758611463911,0.8067211378800083,0.8066769555681911,659.421768951416,1.0213030338287354,0.8032673828862873,0.8032724107919931,0.8033130673921471,0.8032724107919931,13
GradientBoostingClassifier,0.8705222971326456,0.8705228917258929,0.8705301030789095,0.8705222971326456,3282.834188747406,0.19268312454223632,0.8674950802538615,0.8675021758050478,0.8676040812483503,0.8675021758050478,13
