description,test_accuracy,test_f1_score,test_precision,test_recall,fit_time,score_time,train_f1_weighted,train_recall_weighted,train_precision_weighted,train_accuracy,iteration
KNeighborsClassifier,0.8933474128827877,0.8931358126504262,0.8958336345400952,0.8933474128827877,0.09449191093444824,6.677726459503174,0.8853735165375936,0.8855352480417755,0.8880052557537571,0.8855352480417755,4
DecisionTreeClassifier,0.8026155470717244,0.8026071769054745,0.8026174929363957,0.8026155470717244,54.97601022720337,0.023186588287353517,0.7955353235294151,0.7955439512619669,0.7956377204046017,0.7955439512619669,4
BaggingClassifier,0.8765331817074161,0.8764853736347311,0.8775081316228318,0.8765331817074161,364.13235211372375,0.16213841438293458,0.8640417434171157,0.8641949521322889,0.8656421907905519,0.8641949521322889,4
RandomForestClassifier,0.9097555032085127,0.9097558188122463,0.9097564345609208,0.9097555032085127,80.87140851020813,0.22660093307495116,0.9008157162069704,0.9008181026979983,0.9008721587905717,0.9008181026979983,4
ExtraTreesClassifier,0.9116237511168873,0.9116220447441111,0.9116261615824198,0.9116237511168873,13.2958553314209,0.2658549308776855,0.9037751953663211,0.9037771975630984,0.9038052189384675,0.9037771975630984,4
AdaBoostClassifier,0.8089513443262123,0.8089247390745317,0.8090049331236632,0.8089513443262123,165.32271766662598,0.30990376472473147,0.8111985891360577,0.8112097476066145,0.8113096810172993,0.8112097476066145,4
GradientBoostingClassifier,0.8710096661522216,0.8709609637600088,0.8713277542966995,0.8710096661522216,833.7308465003968,0.06847319602966309,0.8703632063315541,0.8703916449086162,0.8708258675450935,0.8703916449086162,4
