description,test_accuracy,test_f1_score,test_precision,test_recall,fit_time,score_time,train_f1_weighted,train_recall_weighted,train_precision_weighted,train_accuracy,iteration
KNeighborsClassifier,0.9357485175858988,0.9357403967894552,0.9360367956053793,0.9357485175858988,0.09479455947875977,6.675210428237915,0.9269434606348336,0.9269625761531767,0.9273781775549595,0.9269625761531767,17
DecisionTreeClassifier,0.8500527983104541,0.8500530456499675,0.850054414722164,0.8500527983104541,74.17377715110779,0.02339634895324707,0.8361961696740613,0.8362053959965188,0.8362688657055923,0.8362053959965188,17
BaggingClassifier,0.9043132158232475,0.9042715263902773,0.9049182981249145,0.9043132158232475,457.1443214416504,0.1404481887817383,0.8961445845297247,0.8961879895561358,0.8968938321949139,0.8961879895561358,17
RandomForestClassifier,0.938753959873284,0.9387416341476195,0.9390387957198649,0.938753959873284,88.72288436889649,0.22399649620056153,0.9306430589369847,0.9306527415143602,0.9309142609589758,0.9306527415143602,17
ExtraTreesClassifier,0.9382665908537081,0.9382456260397869,0.938771386887973,0.9382665908537081,12.632474231719971,0.22732625007629395,0.9314721765927366,0.9314882506527414,0.9319132407921866,0.9314882506527414,17
AdaBoostClassifier,0.8636991308585817,0.863694279675233,0.8637277742105303,0.8636991308585817,165.70119338035585,0.306044340133667,0.8616826086291262,0.8616884247171454,0.8617463510658446,0.8616884247171454,17
GradientBoostingClassifier,0.9121923483063926,0.9121883887139381,0.9122384738807906,0.9121923483063926,839.0707985401153,0.06621589660644531,0.9083349090873944,0.9083376849434291,0.9083952283357466,0.9083376849434291,17
