description,test_accuracy,test_f1_score,test_precision,test_recall,fit_time,score_time,train_f1_weighted,train_recall_weighted,train_precision_weighted,train_accuracy,iteration
KNeighborsClassifier,0.8907481114450492,0.8905794833306577,0.893330708431097,0.8907481114450492,0.09536533355712891,6.693027305603027,0.8862937007082416,0.8864751958224542,0.8888864008961151,0.8864751958224542,5
DecisionTreeClassifier,0.8034278287710178,0.8034268586234525,0.8034464145214935,0.8034278287710178,51.45885066986084,0.02315382957458496,0.7937874234604714,0.7938033072236728,0.7938830742079739,0.7938033072236728,5
BaggingClassifier,0.8711721224920802,0.8710865293784563,0.8720658534457324,0.8711721224920802,359.5524737358093,0.1531966209411621,0.8670599766930274,0.8671540469973891,0.868239055210007,0.8671540469973891,5
RandomForestClassifier,0.9054504102022581,0.9054497813700436,0.905476682369431,0.9054504102022581,81.30682535171509,0.2107102394104004,0.9025565753053811,0.9025587467362923,0.9025892915730307,0.9025587467362923,5
ExtraTreesClassifier,0.9059377792218342,0.9059378574206853,0.9059383659921475,0.9059377792218342,13.438549757003784,0.3002338409423828,0.906490361249106,0.9064926022628372,0.9065288585218749,0.9064926022628372,5
AdaBoostClassifier,0.8062708147185443,0.8062557204822991,0.8064016356069774,0.8062708147185443,165.57234807014464,0.29824538230895997,0.8129044455639125,0.8129155787641429,0.8129823824011359,0.8129155787641429,5
GradientBoostingClassifier,0.866704573145967,0.8666675835509334,0.8671796743327459,0.866704573145967,835.1365591526031,0.06752796173095703,0.8711839305671301,0.8712271540469974,0.8717014649742149,0.8712271540469974,5
