description,test_accuracy,test_f1_score,test_precision,test_recall,fit_time,score_time,train_f1_weighted,train_recall_weighted,train_precision_weighted,train_accuracy,iteration
KNeighborsClassifier,0.8891235480464625,0.8889675502654734,0.8916780279029086,0.8891235480464625,0.09614930152893067,6.966061687469482,0.8894901534810774,0.8896779808529157,0.8921848818493643,0.8896779808529157,21
DecisionTreeClassifier,0.8086264316464951,0.8086051008650528,0.8088708861136414,0.8086264316464951,52.93049688339234,0.023088550567626952,0.7935478126053293,0.7935596170583115,0.7936089652731079,0.7935596170583115,21
BaggingClassifier,0.8757209000081229,0.8756404937096013,0.8764942965980476,0.8757209000081229,361.81651906967164,0.13900113105773926,0.8681945254291797,0.8683028720626632,0.8696224294215675,0.8683028720626632,21
RandomForestClassifier,0.9039070749736009,0.9039074477792542,0.9039364599438786,0.9039070749736009,80.57465915679931,0.21307787895202637,0.906526074794086,0.906527415143603,0.9065453563605764,0.906527415143603,21
ExtraTreesClassifier,0.909105677849078,0.909106072466766,0.9091329677399158,0.909105677849078,13.51139464378357,0.3023046016693115,0.9075701276291414,0.9075718015665796,0.9075920235534237,0.9075718015665796,21
AdaBoostClassifier,0.8133376655023963,0.8133338450486648,0.8134248692087584,0.8133376655023963,165.52025680541993,0.30070128440856936,0.8096267970848381,0.8096431679721497,0.8097344872101815,0.8096431679721497,21
GradientBoostingClassifier,0.8712533506620096,0.8712082094381485,0.8719593416948015,0.8712533506620096,839.0035395145417,0.06849493980407714,0.8713161277851146,0.8713664055700608,0.8718912401128283,0.8713664055700608,21
