description,test_accuracy,test_f1_score,test_precision,test_recall,fit_time,score_time,train_f1_weighted,train_recall_weighted,train_precision_weighted,train_accuracy,iteration
KNeighborsClassifier,0.9154414751035659,0.9154095636873881,0.9161519905507804,0.9154414751035659,0.42235727310180665,25.921790599822998,0.9048244230637923,0.9048563968668407,0.9053696431027276,0.9048563968668407,18
DecisionTreeClassifier,0.7861262285760702,0.7861204314993441,0.786179383198273,0.7861262285760702,214.56646919250488,0.05314979553222656,0.7769378345420456,0.7769538729329852,0.7770266880386891,0.7769538729329852,18
BaggingClassifier,0.865486150597027,0.8653177602472604,0.867192252004723,0.865486150597027,1398.7841530323028,0.5180385112762451,0.8515154518991863,0.8516971279373367,0.8534761281664187,0.8516971279373367,18
RandomForestClassifier,0.909836731378442,0.9098259157264413,0.9099938801768471,0.909836731378442,163.24808716773987,0.2810356616973877,0.8951661367970342,0.8951784160139253,0.8953835390933598,0.8951784160139253,18
ExtraTreesClassifier,0.91129883843717,0.9112774766813544,0.9116374713455336,0.91129883843717,26.359568452835084,0.3162533760070801,0.89641601976805,0.896431679721497,0.8966909873228381,0.896431679721497,18
AdaBoostClassifier,0.7978230850458939,0.7978233011489186,0.797824370027669,0.7978230850458939,658.2187414169312,0.970254373550415,0.7955673823887295,0.7955787641427329,0.7956346420372314,0.7955787641427329,18
GradientBoostingClassifier,0.8753147591584761,0.8753148628155714,0.8753200603307438,0.8753147591584761,3314.2047379016876,0.1446063995361328,0.8664817029521507,0.8664926022628372,0.8666027802961386,0.8664926022628372,18
