description,test_accuracy,test_f1_score,test_precision,test_recall,fit_time,score_time,train_f1_weighted,train_recall_weighted,train_precision_weighted,train_accuracy,iteration
KNeighborsClassifier,0.9355048330761108,0.9354782556136078,0.935976386771991,0.9355048330761108,0.09590554237365723,6.761219501495361,0.930065257580895,0.9300957354221062,0.9309770911437587,0.9300957354221062,23
DecisionTreeClassifier,0.8388433108602064,0.8388457671653742,0.8388677498257264,0.8388433108602064,59.65321345329285,0.022990989685058593,0.8314270417349794,0.8314360313315927,0.8315224020741606,0.8314360313315927,23
BaggingClassifier,0.9080497116399967,0.9080224333826095,0.9088440016314739,0.9080497116399967,373.5628862857819,0.13927488327026366,0.8965762636448931,0.8966405570060922,0.8974874577418461,0.8966405570060922,23
RandomForestClassifier,0.93802290634392,0.9380223714684259,0.938168915849567,0.93802290634392,80.52739801406861,0.19523024559020996,0.9339198806067849,0.9339251523063534,0.9340345990160064,0.9339251523063534,23
ExtraTreesClassifier,0.9360734302656161,0.9360701621899835,0.9363412024451235,0.9360734302656161,12.639179897308349,0.22951841354370117,0.9363221790586642,0.9363272410791993,0.9364306194858326,0.9363272410791993,23
AdaBoostClassifier,0.8648363252375924,0.8648380482725667,0.8648487186639249,0.8648363252375924,129.636465215683,0.29945993423461914,0.8613666437140616,0.8613751087902524,0.8614875172002442,0.8613751087902524,23
GradientBoostingClassifier,0.911055153927382,0.9110564814329932,0.9110760948664368,0.911055153927382,731.0918721675873,0.0681384563446045,0.9104932908199297,0.9104960835509137,0.9105707097524236,0.9104960835509137,23
