description,test_accuracy,test_f1_score,test_precision,test_recall,fit_time,score_time,train_f1_weighted,train_recall_weighted,train_precision_weighted,train_accuracy,iteration
KNeighborsClassifier,0.9333929006579482,0.933369397184463,0.9339428366202107,0.9333929006579482,0.09365568161010743,6.675348281860352,0.9337322146282803,0.933751087902524,0.9342716758830344,0.933751087902524,29
DecisionTreeClassifier,0.8389245390301356,0.8389244561330503,0.8389244728706072,0.8389245390301356,58.28978099822998,0.023325681686401367,0.8354690389887336,0.8354743255004353,0.8355257211968782,0.8354743255004353,29
BaggingClassifier,0.9007391763463569,0.9006824312120565,0.901741013807086,0.9007391763463569,377.6636318683624,0.15572171211242675,0.8998768048189852,0.8999129677980854,0.9004757036675217,0.8999129677980854,29
RandomForestClassifier,0.9355048330761108,0.9355044934942887,0.9355259309255317,0.9355048330761108,81.45480041503906,0.21039085388183593,0.9347595520606676,0.9347606614447346,0.9347870154300901,0.9347606614447346,29
ExtraTreesClassifier,0.938753959873284,0.9387507034826361,0.9388763567643552,0.938753959873284,12.537434244155884,0.2312347412109375,0.9349664208116044,0.9349695387293299,0.9350449574015253,0.9349695387293299,29
AdaBoostClassifier,0.8661359759564617,0.8661329657849264,0.8661562914119185,0.8661359759564617,130.1678008079529,0.32409443855285647,0.8637367228822835,0.8637423846823324,0.8638091741661855,0.8637423846823324,29
GradientBoostingClassifier,0.9119486637966047,0.91194719972876,0.9119649914453081,0.9119486637966047,730.306509065628,0.06929879188537598,0.9116783281166143,0.9116797214969539,0.9117126577485077,0.9116797214969539,29
