description,test_accuracy,test_f1_score,test_precision,test_recall,fit_time,score_time,train_f1_weighted,train_recall_weighted,train_precision_weighted,train_accuracy,iteration
KNeighborsClassifier,0.8070018682479084,0.8069484645075672,0.8072717827393905,0.8070018682479084,0.04892454147338867,3.6103840827941895,0.7973556884486862,0.7974586597040905,0.7981013099052193,0.7974586597040905,16
DecisionTreeClassifier,0.707416131914548,0.7074071280219584,0.7074704224855227,0.707416131914548,22.439842224121094,0.01805224418640137,0.6996783931652187,0.6997040905134899,0.6997701746116383,0.6997040905134899,16
BaggingClassifier,0.7709365607992852,0.7705758354310854,0.7728328406025732,0.7709365607992852,146.3555205821991,0.0813453197479248,0.7604690568779716,0.7607658833768495,0.7619904562349803,0.7607658833768495,16
RandomForestClassifier,0.8104946795548696,0.8103342138352074,0.8114208507212299,0.8104946795548696,53.668019914627074,0.17155280113220214,0.8013536108901352,0.8016013925152305,0.8031769166441591,0.8016013925152305,16
ExtraTreesClassifier,0.8126066119730323,0.812425903225602,0.8136783101409014,0.8126066119730323,10.098933696746826,0.24254446029663085,0.8069925697330337,0.807206266318538,0.8086275302994592,0.807206266318538,16
AdaBoostClassifier,0.7325156364227114,0.7324255999480462,0.7327581962431902,0.7325156364227114,80.64329881668091,0.17362451553344727,0.724233108444755,0.7244212358572671,0.7250785652097548,0.7244212358572671,16
GradientBoostingClassifier,0.7694744537405572,0.769031306530563,0.7713713498963174,0.7694744537405572,417.79462523460387,0.035056686401367186,0.7615291358673489,0.7620539599651871,0.7644561676723587,0.7620539599651871,16
