description,test_accuracy,test_f1_score,test_precision,test_recall,fit_time,score_time,train_f1_weighted,train_recall_weighted,train_precision_weighted,train_accuracy,iteration
KNeighborsClassifier,0.8034278287710178,0.8033495624616105,0.8040917876972242,0.8034278287710178,0.04790563583374023,3.618792772293091,0.7953707711577398,0.7954395126196692,0.795779460391883,0.7954395126196692,21
DecisionTreeClassifier,0.7044106896271627,0.7044089811602181,0.7044568102172035,0.7044106896271627,22.116230916976928,0.01773381233215332,0.7042475449290073,0.7042645778938208,0.7043094030935595,0.7042645778938208,21
BaggingClassifier,0.768174803021688,0.7679181456157194,0.7691301580609359,0.768174803021688,145.69995708465575,0.08102264404296874,0.764015328992687,0.7642471714534377,0.7654006354552179,0.7642471714534377,21
RandomForestClassifier,0.809113800666071,0.8088888542552807,0.8108734146777353,0.809113800666071,53.15861492156982,0.15211753845214843,0.8006568217344301,0.800905134899913,0.8022972704019352,0.800905134899913,21
ExtraTreesClassifier,0.8111445049143042,0.8109456142404168,0.8127422114020716,0.8111445049143042,9.771209573745727,0.17872152328491211,0.8054286026534541,0.805674499564839,0.8071153481889063,0.805674499564839,21
AdaBoostClassifier,0.7299975631549022,0.7298519064208251,0.7306820043579663,0.7299975631549022,79.9817349433899,0.17269606590270997,0.7261508933740243,0.7263359442993907,0.7268954862502237,0.7263359442993907,21
GradientBoostingClassifier,0.768174803021688,0.7676579728828922,0.7709648117170815,0.768174803021688,415.4594026565552,0.03274292945861816,0.7663785401053369,0.766892950391645,0.7691435737836659,0.766892950391645,21
