description,test_accuracy,test_f1_score,test_precision,test_recall,fit_time,score_time,train_f1_weighted,train_recall_weighted,train_precision_weighted,train_accuracy,iteration
KNeighborsClassifier,0.8051336203395337,0.8050066773862947,0.8063454736315645,0.8051336203395337,0.04818320274353027,3.6102654457092287,0.7982756543972401,0.7984334203655352,0.7992216143677597,0.7984334203655352,7
DecisionTreeClassifier,0.7060352530257493,0.7060399352171979,0.7060915841535005,0.7060352530257493,22.691844367980956,0.01820363998413086,0.7037676829587344,0.7037771975630982,0.7038124257357045,0.7037771975630982,7
BaggingClassifier,0.7663065551133132,0.7661000445945655,0.7669123676972689,0.7663065551133132,149.51187672615052,0.07964873313903809,0.7648192415227774,0.765047867711053,0.7662664422162468,0.765047867711053,7
RandomForestClassifier,0.8052960766793924,0.8050075904951827,0.8077080317911521,0.8052960766793924,54.351221323013306,0.1734379768371582,0.7993659857776171,0.7996170583115754,0.8009201876906941,0.7996170583115754,7
ExtraTreesClassifier,0.8128502964828203,0.8126504944622399,0.8147090996666534,0.8128502964828203,10.159055852890015,0.2792690277099609,0.806102379135959,0.8063359442993907,0.8076226542369673,0.8063359442993907,7
AdaBoostClassifier,0.7292665096255382,0.7290642179100046,0.7303517966329088,0.7292665096255382,80.58693809509278,0.16714468002319335,0.727761264375317,0.7279721496953873,0.7285518858606188,0.7279721496953873,7
GradientBoostingClassifier,0.7641946226951507,0.7635829932608511,0.7676871738998237,0.7641946226951507,416.9356060028076,0.030929708480834962,0.766518482208534,0.7671018276762402,0.7695194005609578,0.7671018276762402,7
