description,test_accuracy,test_f1_score,test_precision,test_recall,fit_time,score_time,train_f1_weighted,train_recall_weighted,train_precision_weighted,train_accuracy,iteration
KNeighborsClassifier,0.7993664202745512,0.7992346781936926,0.8000927438380729,0.7993664202745512,0.04870371818542481,3.5940910816192626,0.7971150444890194,0.797319408181027,0.7985544443910573,0.797319408181027,14
DecisionTreeClassifier,0.7014052473397774,0.7014051645939577,0.7014051188712331,0.7014052473397774,22.2831889629364,0.01779203414916992,0.6994817799816074,0.6994952132288946,0.6995292559044636,0.6994952132288946,14
BaggingClassifier,0.7689058565510519,0.7686861990371485,0.7700065012663362,0.7689058565510519,145.4509331226349,0.08034067153930664,0.7615829022389401,0.7618450826805919,0.7629768334322851,0.7618450826805919,14
RandomForestClassifier,0.8087888879863536,0.8086633329829768,0.8095392829416354,0.8087888879863536,53.74726758003235,0.17619032859802247,0.8013550219156025,0.8015665796344649,0.8028884838309482,0.8015665796344649,14
ExtraTreesClassifier,0.808870116156283,0.8087547593630598,0.8095575524555093,0.808870116156283,9.81123490333557,0.18259048461914062,0.8054518497536811,0.8056048738033071,0.806595074696532,0.8056048738033071,14
AdaBoostClassifier,0.7305661603444075,0.7304399990840991,0.7309514370765089,0.7305661603444075,80.63069410324097,0.1717514991760254,0.7242239630499268,0.7243864229765011,0.7249359164898325,0.7243864229765011,14
GradientBoostingClassifier,0.7625700592965641,0.7621384257542081,0.7643905663376772,0.7625700592965641,418.2274370670319,0.03275566101074219,0.7633668574346095,0.7638642297650131,0.7661368723001558,0.7638642297650131,14
