description,test_accuracy,test_f1_score,test_precision,test_recall,fit_time,score_time,train_f1_weighted,train_recall_weighted,train_precision_weighted,train_accuracy,iteration
KNeighborsClassifier,0.8010722118430672,0.801009195991896,0.8024830793327219,0.8010722118430672,0.04760746955871582,3.58977632522583,0.7944299344609437,0.7946040034812881,0.7952560962183688,0.7946040034812881,12
DecisionTreeClassifier,0.7035984079278694,0.7036291218408994,0.703871535944606,0.7035984079278694,22.431364059448242,0.018067121505737305,0.7005354144762839,0.700574412532637,0.7006248394675414,0.700574412532637,12
BaggingClassifier,0.7701242790999919,0.769939305006287,0.7703608399619614,0.7701242790999919,147.80387697219848,0.08128929138183594,0.7624966439342108,0.7626805918189731,0.76394113223341,0.7626805918189731,12
RandomForestClassifier,0.8051336203395337,0.8049367009235505,0.8078387405767797,0.8051336203395337,53.28372306823731,0.15266566276550292,0.799402292304913,0.7997563098346389,0.8013284184848499,0.7997563098346389,12
ExtraTreesClassifier,0.809844854195435,0.8096994173185048,0.8121384551466684,0.809844854195435,9.753413820266724,0.17779550552368165,0.803416917885453,0.8037597911227155,0.8053318094019453,0.8037597911227155,12
AdaBoostClassifier,0.7288603687758914,0.7286795368392879,0.7306289209348746,0.7288603687758914,80.58043642044068,0.17696647644042968,0.7286985386212039,0.728946910356832,0.7294345292978383,0.728946910356832,12
GradientBoostingClassifier,0.764519535374868,0.7640187388194125,0.7686273228100726,0.764519535374868,419.23631262779236,0.032599020004272464,0.7672371878568628,0.7679025239338555,0.7702761262043217,0.7679025239338555,12
