description,test_accuracy,test_f1_score,test_precision,test_recall,fit_time,score_time,train_f1_weighted,train_recall_weighted,train_precision_weighted,train_accuracy,iteration
KNeighborsClassifier,0.809113800666071,0.8090103978511961,0.8095333795004407,0.809113800666071,0.04681925773620606,3.5961445808410644,0.7948544299856449,0.7949869451697127,0.7958916231666174,0.7949869451697127,23
DecisionTreeClassifier,0.7063601657054667,0.7063477838152433,0.7063542791917922,0.7063601657054667,21.977944993972777,0.01764993667602539,0.6985064144933587,0.6985204525674499,0.6985759924518569,0.6985204525674499,23
BaggingClassifier,0.7701242790999919,0.7698100402535588,0.772109448552013,0.7701242790999919,148.04809880256653,0.08059473037719726,0.7610677914483882,0.7613228894691036,0.7622795512484253,0.7613228894691036,23
RandomForestClassifier,0.8121192429534563,0.8119824916425815,0.8127305504875234,0.8121192429534563,53.47485823631287,0.15565180778503418,0.7973212396114144,0.7975630983463882,0.7991764378426534,0.7975630983463882,23
ExtraTreesClassifier,0.8161806514499228,0.8160500979361898,0.8167841296374223,0.8161806514499228,9.863002634048462,0.1857119083404541,0.8030655152675447,0.8032375979112271,0.8044598470800481,0.8032375979112271,23
AdaBoostClassifier,0.7338152871415807,0.7335216116774654,0.7345078296742706,0.7338152871415807,80.4190152645111,0.1732196807861328,0.7274808430938766,0.7276936466492602,0.72853628324978,0.7276936466492602,23
GradientBoostingClassifier,0.768174803021688,0.7676178923539336,0.7702174833118535,0.768174803021688,417.3519165992737,0.032627439498901366,0.7616259867146928,0.7621235857267188,0.7645777283625985,0.7621235857267188,23
