description,test_accuracy,test_f1_score,test_precision,test_recall,fit_time,score_time,train_f1_weighted,train_recall_weighted,train_precision_weighted,train_accuracy,iteration
KNeighborsClassifier,0.8001787019738446,0.8000789805414804,0.8006832442250152,0.8001787019738446,0.047509622573852536,3.580910634994507,0.7968988572585294,0.7969712793733681,0.7974348974418031,0.7969712793733681,22
DecisionTreeClassifier,0.7092843798229226,0.7092632090137216,0.7093161905134763,0.7092843798229226,21.78318166732788,0.01764822006225586,0.7054912666823994,0.7055178416013925,0.7055983115293554,0.7055178416013925,22
BaggingClassifier,0.7683372593615466,0.7680971987687614,0.7696006195472986,0.7683372593615466,146.7809031009674,0.08095006942749024,0.7618298792696172,0.7621583986074848,0.7635410019435941,0.7621583986074848,22
RandomForestClassifier,0.8022094062220778,0.8019469209978269,0.8036593477264234,0.8022094062220778,52.99549283981323,0.15355329513549804,0.8011185255944515,0.8013577023498695,0.8028866240510222,0.8013577023498695,22
ExtraTreesClassifier,0.807895378117131,0.8076494781403251,0.8093191142781181,0.807895378117131,9.851526021957397,0.18666462898254393,0.8070015025011233,0.8072410791993038,0.8088456813854485,0.8072410791993038,22
AdaBoostClassifier,0.7265047518479408,0.7263751422016892,0.7268503192387001,0.7265047518479408,80.00838871002198,0.17416768074035643,0.7302492393216841,0.7304090513489991,0.7309988388783355,0.7304090513489991,22
GradientBoostingClassifier,0.7605393550483308,0.7599436030214343,0.762939809756116,0.7605393550483308,415.85073761940004,0.03405466079711914,0.7663852337616313,0.7669277632724107,0.769521195871097,0.7669277632724107,22
