description,test_accuracy,test_f1_score,test_precision,test_recall,fit_time,score_time,train_f1_weighted,train_recall_weighted,train_precision_weighted,train_accuracy,iteration
KNeighborsClassifier,0.8058646738688977,0.8057806674210236,0.8066172223165888,0.8058646738688977,0.047040033340454104,3.595452642440796,0.7973422381766111,0.7974586597040905,0.7980654069772619,0.7974586597040905,27
DecisionTreeClassifier,0.7078222727641946,0.7078174108480605,0.7079004410231085,0.7078222727641946,22.462484884262086,0.018070745468139648,0.704909040925517,0.7049260226283726,0.704964641012819,0.7049260226283726,27
BaggingClassifier,0.7665502396231013,0.766370266152286,0.7671520973246367,0.7665502396231013,148.62690596580507,0.08198280334472656,0.7612044779505498,0.7615317667536988,0.7630978689094363,0.7615317667536988,27
RandomForestClassifier,0.8029404597514418,0.8026849220680283,0.8048813016273688,0.8029404597514418,53.63134889602661,0.18483395576477052,0.8003415836054005,0.8006614447345518,0.8024518132845117,0.8006614447345518,27
ExtraTreesClassifier,0.809113800666071,0.8089270936622998,0.8106481584777431,0.809113800666071,9.989371013641357,0.21411705017089844,0.8049525377880619,0.8052219321148826,0.8067749770739205,0.8052219321148826,27
AdaBoostClassifier,0.7278856307367395,0.7277079500939178,0.7287227907169417,0.7278856307367395,80.14969663619995,0.1806652545928955,0.7281464350016925,0.7283899042645778,0.7291103880582559,0.7283899042645778,27
GradientBoostingClassifier,0.7644383072049387,0.763836620411617,0.7676379391251235,0.7644383072049387,413.78954672813416,0.030345582962036134,0.7626475170737665,0.7633072236727589,0.7660607431667562,0.7633072236727589,27
